Unnamed: 0,brand_name,rating,number_of_reviews,price
0,Casio,4.4,54000.0,"1,894"
1,Casio,4.5,13200.0,"1,191"
2,Titan,4.3,2900.0,"1,695"
3,Daniel Hechter,4.3,890000.0,"2,593"
4,Casio,4.5,1100.0,"4,494"
5,Fastrack,4.3,2300.0,706
6,TIMEX,4.1,23900.0,"1,099"
7,Casio,4.4,7200.0,"4,796"
8,Titan,4.3,1300.0,"4,795"
9,Carlington,4.1,3000.0,999
10,Titan,4.3,1000.0,"4,365"
11,Fossil,4.4,1300.0,"7,790"
12,Titan,4.3,754000.0,"2,547"
13,Casio,4.5,329000.0,"1,994"
14,Fastrack,4.1,15200.0,850
15,Matrix,3.8,1900.0,273
16,Titan,4.4,448000.0,"13,721"
17,Daniel Hechter,4.3,428000.0,"1,978"
18,Fastrack,4.4,249000.0,"1,195"
19,Fossil,4.2,2100.0,"7,194"
20,Titan,4.3,1300.0,"3,035"
21,Fossil,4.2,17200.0,"8,446"
22,Titan,4.4,1400.0,"1,695"
23,Fossil,4.2,327000.0,"7,248"
24,Titan,4.4,251000.0,"7,822"
25,Titan,4.3,150000.0,"6,038"
26,Titan,4.3,397000.0,"5,806"
27,Casio,4.5,4300.0,"2,156"
28,AMERICANVIBER,4.0,159000.0,419.
29,Casio,4.4,15800.0,"2,994"
30,TIMEX,4.3,2400.0,"3,496"
31,Sonata,4.2,2800.0,"1,498"
32,Titan,4.5,380000.0,"2,306"
33,Casio,4.5,10800.0,"3,196"
34,Carlington,4.2,1000.0,948
35,Titan,4.2,1600.0,"2,121"
36,AMERICANVIBER,4.3,26000.0,460.
37,Casio,4.5,729000.0,"2,494"
38,Titan,4.1,1300.0,"1,764"
39,Casio,4.3,2200.0,"9,194"
40,Casio,4.5,591000.0,"10,396"
41,Titan,4.3,1300.0,"5,946"
42,Sonata,4.2,4600.0,749
43,Titan,4.2,871000.0,"4,797"
44,Titan,4.2,4900.0,"1,915"
45,Casio,4.4,878000.0,"3,994"
46,Armani Exchange,4.2,4200.0,"4,998"
47,Fossil,4.2,2800.0,"7,972"
48,Casio,4.5,36000.0,"11,994"
49,Shocknshop,4.1,107000.0,473
50,Carlington,4.0,598000.0,999
51,Titan,4.3,2000.0,"2,635"
52,Acnos,3.7,2300.0,265
53,Fastrack,4.4,384000.0,"1,270"
54,Shocknshop,4.0,1300.0,473
55,Sonata,4.0,12400.0,675
56,Fastrack,4.5,256000.0,"1,835"
57,Casio,4.6,1600.0,"6,495"
58,Titan,4.2,1000.0,"3,115"
59,Acnos,3.7,3300.0,174
60,LOUIS DEVIN,4.0,5300.0,331
61,Sonata,4.2,1300.0,624
62,Casio,4.2,251000.0,"2,694"
63,Titan,4.2,4000.0,"2,070"
64,OLEVS,3.6,2600.0,"3,010"
65,Casio,4.4,818000.0,"8,365"
66,Matrix,4.0,4400.0,273
67,Titan,4.4,1300.0,"1,695"
68,TIMEWEAR,3.7,2800.0,309
69,Casio,4.2,3700.0,"7,856."
70,Matrix,3.6,147000.0,398
71,Sonata,4.4,767000.0,"1,294"
72,Fastrack,4.3,2200.0,"1,322"
73,Acnos,4.2,2500.0,259
74,GOLDENIZE FASHION,4.5,65000.0,989
75,Fastrack,4.3,222000.0,"1,835"
76,Titan,4.3,1200.0,925
77,Casio,4.4,412000.0,"11,995"
78,Armani Exchange,4.3,805000.0,"8,247"
79,Sonata,4.2,6600.0,649
80,Sonata,4.1,2700.0,699
81,GOLDENIZE FASHION,4.2,348000.0,589
82,Casio,4.3,781000.0,"6,236"
83,Casio,4.5,118000.0,"4,396"
84,Casio,4.5,1500.0,"2,995"
85,Casio,4.3,2900.0,"1,895"
86,Sonata,4.2,986000.0,849
87,Matrix,4.0,1100.0,248
88,Fastrack,4.6,67000.0,"2,877"
89,Carlington,4.2,302000.0,"1,613"
90,Titan,4.3,1200.0,"2,475"
91,Shocknshop,3.8,599000.0,473
92,Casio,4.3,1300.0,"1,895"
93,Titan,4.3,530000.0,"3,714"
94,AMERICANVIBER,4.2,117000.0,399
95,Fossil,4.4,2300.0,"14,494"
96,Matrix,4.1,158000.0,273
97,OLEVS,4.0,798000.0,"2,886"
98,Fastrack,4.3,482000.0,"1,617"
99,Casio,4.6,1400.0,"2,995"
100,TIMEX,4.2,119000.0,"9,597"
101,Fastrack,4.3,558000.0,"1,525"
102,Casio,4.4,434000.0,"14,875"
103,Matrix,3.8,376000.0,448
104,Casio,4.1,324000.0,"5,295"
105,Shocknshop,3.9,10400.0,275
106,Acnos,4.1,2100.0,265
107,ON TIME OCTUS,4.1,70000.0,429
108,Sonata,4.4,288000.0,994
109,Titan,4.2,97000.0,"6,596"
110,Fastrack,4.1,5000.0,"1,536"
111,Fastrack,4.1,115000.0,895
112,Matrix,3.7,2500.0,273
113,Casio,4.3,435000.0,"5,295"
114,Casio,4.4,445000.0,"2,495"
115,Fastrack,4.3,445000.0,"3,671"
116,TIMEWEAR,3.8,16300.0,319
117,Casio,4.4,47000.0,"8,995"
118,Casio,4.3,19000.0,"25,995"
119,BENYAR,4.0,4700.0,"2,745"
120,TIMEX,3.4,123000.0,"6,597"
121,Casio,4.5,289000.0,"5,575"
122,Titan,4.4,255000.0,"9,310"
123,Titan,4.3,316000.0,"4,196"
124,Titan,4.4,1200.0,"1,795"
125,Casio,4.5,803000.0,"5,295"
126,Titan,4.3,518000.0,"3,035"
127,Seiko,4.5,1100.0,"40,500"
128,Titan,4.4,514000.0,"4,557"
129,LONGBO,3.9,1100.0,948
130,Sonata,4.2,151000.0,"1,102"
131,TIMEX,4.3,595000.0,"3,496"
132,AMERICANVIBER,4.2,44000.0,388.
133,Casio,4.4,905000.0,"2,495"
134,Acnos,3.8,704000.0,265
135,Casio,4.4,246000.0,"4,795"
136,TIMEX,3.9,62000.0,"2,518"
137,Casio,4.8,108000.0,"12,495"
138,Sonata,4.3,1700.0,649
139,Sonata,4.2,427000.0,"1,844"
140,Casio,4.6,311000.0,"9,596"
141,Seiko,4.4,426000.0,"17,500"
142,Fastrack,4.2,4200.0,825
143,TIMEX,4.6,21000.0,"4,398"
144,Casio,4.5,31000.0,"7,995"
145,Fastrack,4.2,454000.0,"3,534"
146,Casio,4.5,335000.0,"8,495"
147,Fossil,4.0,11300.0,"12,796"
148,ON TIME OCTUS,3.8,74000.0,564
149,OLEVS,3.9,3600.0,"3,800"
150,Casio,4.2,2600.0,"10,995"
151,TIMEX,4.5,68000.0,"3,297"
152,Fastrack,4.3,2700.0,"1,915"
153,TIMEX,4.5,15000.0,"2,894"
154,Titan,4.2,600000.0,"3,155"
155,Sonata,4.3,388000.0,"1,035"
156,Casio,4.4,348000.0,"9,994"
157,Titan,4.2,812000.0,"1,695"
158,GOLDENIZE FASHION,4.4,179000.0,589
159,Fastrack,4.2,3200.0,639
160,Casio,4.4,1800.0,"3,394"
161,Fastrack,4.4,241000.0,"3,595"
162,Titan,4.3,944000.0,"3,709"
163,Casio,4.4,872000.0,"1,295"
164,AMERICANVIBER,4.1,24000.0,428
165,TIMEWEAR,4.0,249000.0,319
166,Casio,4.5,647000.0,"7,356"
167,Casio,4.4,218000.0,"11,995"
168,Casio,4.4,63000.0,"2,995"
169,Casio,4.3,1400.0,"3,775"
170,Fastrack,4.1,290000.0,746
171,Titan,4.3,533000.0,"4,495"
172,Casio,4.1,56000.0,"3,494"
173,TIMEX,4.4,55000.0,"4,897"
174,Sonata,4.4,569000.0,"1,185"
175,Casio,4.0,81000.0,"2,995"
176,LONGBO,4.0,205000.0,"1,605"
177,Sonata,4.1,73000.0,"1,844"
178,BENYAR,4.0,705000.0,"3,790"
179,Sonata,4.5,113000.0,"2,994"
180,Casio,4.4,374000.0,"4,236"
181,Fossil,4.4,27000.0,"13,495"
182,Titan,4.2,222000.0,"2,920"
183,Seiko,4.6,4900.0,"27,000"
184,Titan,4.1,1200.0,"1,795"
185,Sonata,4.2,2100.0,"1,099"
186,Casio,4.3,291000.0,"5,294"
187,Fastrack,4.2,1000.0,"1,996"
188,Armani Exchange,4.4,1500.0,"14,216"
189,Fastrack,4.1,853000.0,"1,326"
190,Casio,4.0,456000.0,"9,446"
191,Fastrack,4.4,234000.0,"3,970"
192,Casio,4.1,62000.0,"8,994"
193,Casio,4.3,1500.0,"3,516"
194,Fossil,3.7,1800.0,"10,396"
195,Fastrack,4.4,942000.0,"3,745"
196,Carlington,4.3,703000.0,"1,798"
197,IK COLOURING,4.1,1200.0,"4,721"
198,Titan,,,"22,895"
199,Fastrack,4.6,35000.0,"3,276"
200,LOUIS DEVIN,3.7,3800.0,295
201,AMERICANVIBER,3.2,27000.0,402.
202,TIMEX,4.4,65000.0,"4,406"
203,Acnos,3.8,979000.0,348
204,Fossil,4.1,878000.0,"11,197"
205,TIMEX,4.1,2100.0,"2,695"
206,Casio,4.1,166000.0,"3,495"
207,V2A,4.1,254000.0,941
208,Casio,4.4,476000.0,"16,995"
209,OLEVS,4.0,243000.0,"3,010"
210,TIMEWEAR,3.7,15600.0,319
211,Casio,4.5,199000.0,"10,225"
212,Matrix,4.0,932000.0,273
213,Fastrack,4.2,688000.0,895
214,Fastrack,4.8,6000.0,"1,451"
215,Giordano,3.2,30000.0,"3,297"
216,SWISSTYLE,3.5,6000.0,348
217,LOUIS DEVIN,3.5,92000.0,341
218,Casio,4.5,88000.0,"12,994"
219,TIMEX,4.8,11000.0,"5,316"
220,Fossil,4.0,82000.0,"16,097"
221,V2A,4.0,2200.0,720
222,Matrix,3.8,216000.0,378
223,Titan,4.3,1800.0,"2,504"
224,Matrix,3.7,5400.0,258
225,Fastrack,4.2,2700.0,"1,396"
226,TIMEX,4.0,1300.0,"1,609"
227,SWISSTYLE,3.5,5200.0,350
228,Fossil,4.0,10000.0,"7,796"
229,Fastrack,4.0,175000.0,895
230,BRUNO MILANO,4.0,304000.0,"3,228"
231,Fastrack,3.3,5000.0,"1,709"
232,Giordano,4.1,84000.0,"4,183"
233,Casio,4.2,171000.0,"19,995"
234,Fossil,4.7,32000.0,"9,446"
235,Carlington,4.0,728000.0,948
236,Casio,4.4,1300.0,"1,995"
237,Casio,4.4,1100.0,"1,495"
238,Fossil,4.0,48000.0,"8,696"
239,Casio,4.5,689000.0,"10,994"
240,Titan,4.4,142000.0,"7,291"
241,AMERICANVIBER,4.2,66000.0,428
242,Carlington,3.9,1000.0,"1,613"
243,Casio,4.5,346000.0,"10,494"
244,V2A,3.8,3600.0,806
245,Titan,4.2,574000.0,"6,796"
246,Fastrack,3.8,82000.0,"1,622"
247,Titan,4.4,315000.0,"3,396"
248,WRIGHTRACK,4.3,91000.0,799
249,TIMEX,4.2,100000.0,"3,598"
250,Fastrack,4.3,2300.0,"3,426"
251,Fastrack,4.0,56000.0,"2,194"
252,Titan,4.2,77000.0,"8,021"
253,Fastrack,4.3,125000.0,895
254,SELLORIA,3.8,1700.0,169
255,Titan,4.1,155000.0,"2,848"
256,Titan,4.0,747000.0,"2,092"
257,Matrix,3.7,1800.0,248
258,Matrix,3.9,663000.0,234
259,Fossil,4.1,146000.0,"11,197"
260,Casio,4.4,980000.0,"1,802"
261,SWADESI STUFF,4.2,491000.0,549
262,NIBOSI,3.8,1500.0,"3,700"
263,LORENZ,4.1,371000.0,435
264,Casio,4.5,4600.0,"2,995"
265,Casio,4.5,603000.0,"8,994"
266,Sylvi,3.9,2800.0,"1,489"
267,Titan,4.3,48000.0,"4,795"
268,Titan,4.1,58000.0,"5,035"
269,Fastrack,4.3,297000.0,"3,196"
270,Casio,4.1,320000.0,"1,995"
271,Fastrack,4.3,253000.0,"4,235"
272,BENYAR,3.9,297000.0,"4,075"
273,Fossil,4.2,4500.0,"7,994"
274,Acnos,3.7,188000.0,415
275,TIMEX,4.5,42000.0,"4,196"
276,HORIZEN,4.2,74000.0,"2,990"
277,TIMEX,4.1,282000.0,"5,197"
278,Casio,4.3,175000.0,"12,995"
279,Giordano,4.0,149000.0,"5,299"
280,Fossil,4.4,1500.0,"12,495"
281,LOUIS DEVIN,3.7,909000.0,299
282,Emporio Armani,4.1,157000.0,"9,198"
283,Sonata,4.3,1900.0,998
284,The Watch Company,4.6,7000.0,
285,Fossil,4.6,5000.0,"13,155"
286,Fossil,4.2,925000.0,"9,494"
287,Casio,4.4,752000.0,"15,996"
288,Casio,4.3,210000.0,"8,796"
289,Titan,4.3,382000.0,"4,435"
290,Fastrack,4.2,160000.0,"1,835"
291,Sonata,4.1,1100.0,"3,248"
292,Titan,4.4,110000.0,"12,523"
293,Titan,4.3,282000.0,"5,035"
294,Titan,4.6,112000.0,"2,683"
295,Casio,4.6,66000.0,"5,994"
296,TIMEX,4.3,5100.0,"4,155"
297,Casio,4.4,95000.0,"13,596"
298,Titan,4.2,2200.0,"2,327"
299,Casio,4.4,150000.0,"9,596"
300,V2A,4.1,848000.0,940
301,Titan,4.5,167000.0,"5,946"
302,French Connection,4.5,34000.0,"5,465"
303,Titan,4.5,33000.0,"17,995"
304,Titan,3.9,82000.0,"15,996"
305,Casio,4.5,48000.0,"8,994"
306,Titan,4.2,52000.0,"26,725"
307,Casio,4.3,429000.0,"19,994"
308,Sonata,4.3,2000.0,649
309,OLEVS,4.2,397000.0,"7,980"
310,LOUIS DEVIN,4.0,162000.0,462
311,OLEVS,3.9,630000.0,"1,999"
312,Titan,4.1,1800.0,"2,695"
313,Carlington,3.9,312000.0,948
314,Casio,4.6,179000.0,"24,796"
315,Titan,4.2,851000.0,"2,780"
316,TIMEX,4.1,191000.0,"2,997"
317,V2A,3.9,1300.0,720
318,TIMEX,4.2,655000.0,"2,047"
319,Generic,4.2,3000.0,460
320,Tommy Hilfiger,4.2,26000.0,"7,600"
321,SF,3.8,4000.0,675
322,Titan,4.4,227000.0,"8,860"
323,Invicta,4.5,4500.0,"6,800"
324,TIMEX,4.3,23000.0,"14,495"
325,GOLDENIZE FASHION,4.0,40000.0,259
326,GENERIC,,,148
327,Titan,4.3,629000.0,"2,470"
328,Titan,4.6,44000.0,"9,764"
329,Titan,4.2,841000.0,"5,035"
330,Titan,4.3,587000.0,"5,695"
331,Fastrack,4.4,85000.0,"1,622"
332,Fossil,4.2,1600.0,"7,796"
333,LORENZ,3.9,3500.0,387
334,TIMEX,4.2,144000.0,"2,296"
335,Casio,4.5,209000.0,"24,994"
336,TIMEX,3.9,327000.0,"1,719"
337,Sonata,4.5,83000.0,"3,694"
338,OLEVS,3.8,1000.0,"3,010"
339,Fastrack,3.9,5800.0,795
340,Armani Exchange,4.2,10000.0,"15,995"
341,OLEVS,4.7,18000.0,"6,800"
342,Casio,4.4,407000.0,"8,396"
343,Fastrack,4.4,139000.0,"1,995"
344,Seiko,4.4,483000.0,"22,500"
345,V2A,4.0,2000.0,473
346,Casio,4.5,561000.0,"3,996"
347,Titan,4.2,88000.0,"7,252"
348,Titan,4.3,214000.0,"6,795"
349,Casio,4.3,18000.0,"4,797"
350,styledose,3.9,442000.0,351
351,TIMEX,4.0,190000.0,"1,747"
352,Sonata,4.2,97000.0,684
353,Fastrack,3.8,4000.0,"1,795"
354,Sonata,4.0,2200.0,799
355,Giordano,3.6,34000.0,"3,248"
356,Casio,4.4,1100.0,"9,596"
357,Sonata,4.0,298000.0,"1,194"
358,Titan,3.9,60000.0,"10,132"
359,Casio,4.3,547000.0,"9,194"
360,Fossil,3.9,4000.0,"14,495"
361,Sonata,4.1,1300.0,849
362,Fastrack,4.1,3800.0,"1,676"
363,IIK COLLECTION,3.9,971000.0,321
364,TIMEX,4.2,31000.0,"3,777"
365,TIMEX,4.2,332000.0,"2,497"
366,Fastrack,4.3,56000.0,"2,236"
367,Titan,4.2,527000.0,"9,108"
368,Titan,4.3,30000.0,"8,555"
369,Titan,4.5,72000.0,"8,571"
370,Sonata,4.0,30000.0,"4,694"
371,SF,4.1,3100.0,481
372,Titan,4.3,137000.0,"5,966"
373,Titan,4.4,175000.0,"9,875."
374,TIMEX,4.3,85000.0,"3,998"
375,Sonata,4.4,3000.0,"1,495"
376,Fastrack,4.3,308000.0,"1,345"
377,Carlington,3.8,502000.0,898
378,Sonata,4.1,233000.0,"1,151"
379,V2A,3.8,376000.0,720
380,Fastrack,4.2,482000.0,"2,555"
381,Acnos,4.3,230000.0,259
382,Shocknshop,3.8,18000.0,473
383,Casio,4.4,432000.0,"16,995"
384,Casio,3.8,30000.0,"4,495"
385,Acnos,3.6,603000.0,407
386,Acnos,4.0,2800.0,265
387,TIMEWEAR,3.8,10200.0,279
388,INDIAN E-COMMERCE,,,"4,990"
389,Titan,4.3,1400.0,"11,628"
390,SKMEI,4.3,1100.0,989
391,TIMEX,5.0,2000.0,"6,293"
392,Fastrack,4.2,3400.0,"1,396"
393,TIMEX,4.3,154000.0,"2,846"
394,Titan,4.2,376000.0,"2,795"
395,Fossil,3.6,13000.0,"19,596"
396,Casio,3.8,32000.0,"4,495"
397,Generic,,,529
398,Fastrack,3.8,1100.0,"2,096"
399,Matrix,3.5,225000.0,258
400,Carlington,4.2,1200.0,948
401,Casio,4.7,84000.0,"3,494"
402,GOLDENIZE FASHION,4.4,34000.0,629
403,Casio,4.4,157000.0,"19,994"
404,TIMEWEAR,3.6,1500.0,319
405,Titan,4.2,254000.0,"4,166"
406,BENYAR,4.0,1500.0,"2,840"
407,Zoop,4.4,377000.0,994
408,Sonata,4.1,595000.0,"1,075"
409,Casio,4.4,169000.0,"5,994"
410,Casio,4.6,74000.0,"1,695"
411,Armani Exchange,4.2,154000.0,"10,497"
412,FEICE,4.3,10000.0,"8,499"
413,LONGBO,4.0,1400.0,948
414,Carlington,4.2,224000.0,"1,798"
415,Sonata,4.2,467000.0,998
416,Titan,3.9,248000.0,"4,157"
417,Giordano,3.8,43000.0,"3,242"
418,Casio,4.4,12000.0,"10,795"
419,OLEVS,3.8,1700.0,"3,800"
420,Shocknshop,3.6,2000.0,283
421,Sonata,4.5,158000.0,809
422,Casio,4.4,56000.0,"19,995"
423,Acnos,4.0,154000.0,283
424,Oculus,3.8,36000.0,449.
425,Citizen,4.5,1300.0,"31,410"
426,Casio,4.5,223000.0,"10,995"
427,Fossil,4.4,13000.0,"10,495"
428,V2A,4.0,302000.0,568
429,Casio,4.4,946000.0,"3,794"
430,Zoop,4.5,74000.0,933
431,Casio,4.6,108000.0,"13,596"
432,Casio,4.2,16000.0,"5,395"
433,Sonata,3.9,4800.0,675
434,Sonata,4.8,8000.0,"1,709"
435,Sonata,3.9,37000.0,996
436,Casio,4.0,16000.0,"4,494"
437,Casio,4.4,27000.0,"9,995"
438,Titan,4.4,236000.0,"8,021"
439,NIBOSI,4.0,1200.0,"3,700"
440,Casio,3.0,4000.0,"20,995"
441,Casio,4.4,1200.0,"8,995"
442,Casio,4.4,35000.0,"1,695"
443,Casio,4.3,54000.0,"3,356"
444,Fastrack,4.1,4600.0,"2,216"
445,Fossil,4.4,76000.0,"8,697"
446,GOLDENIZE FASHION,3.9,1100.0,278
447,OLEVS,4.1,543000.0,"3,800"
448,Sonata,4.3,154000.0,"3,694"
449,Armani Exchange,4.2,1900.0,"13,994"
450,Thomas Earnshaw,3.8,177000.0,"20,225"
451,LORENZ,4.1,509000.0,530
452,Casio,4.7,74000.0,"3,145"
453,Fossil,4.3,15000.0,"11,995"
454,Casio,4.4,683000.0,"7,195"
455,Casio,4.8,5000.0,"4,495"
456,Casio,4.2,844000.0,"2,395"
457,Helstine,3.5,37000.0,"2,729"
458,EDGE,3.9,60000.0,"13,596"
459,Fossil,,,"18,995"
460,OLEVS,3.9,972000.0,"3,800"
461,Daniel Hechter,4.6,10000.0,"2,849"
462,Fastrack,4.0,2600.0,"3,775"
463,Fastrack,3.7,12000.0,"1,849"
464,Fastrack,4.4,69000.0,"2,894"
465,Acnos,3.6,342000.0,298
466,Fossil,4.0,6200.0,"11,596"
467,Sonata,4.3,1000.0,766
468,EDGE,5.0,6000.0,"24,645"
469,SF,4.1,5300.0,499
470,Sonata,4.0,171000.0,"1,474"
471,Fossil,4.7,18000.0,"15,495"
472,Casio,4.4,343000.0,"11,994"
473,V2A,3.9,2300.0,940
474,Generic,4.2,60000.0,"1,999"
475,VOSTOK,3.7,8000.0,"18,196."
476,Diesel,4.0,8000.0,"27,996"
477,GUESS,,,"17,995"
478,V2A,4.0,1300.0,940
479,TIMEX,4.0,1300.0,"1,495"
480,Casio,4.4,817000.0,"7,596"
481,TIMEX,4.0,104000.0,"1,396"
482,SOLLEN,4.0,34000.0,"3,825"
483,TIMEX,4.4,88000.0,"3,158"
484,Titan,4.2,1100.0,"2,667"
485,Casio,4.3,773000.0,"3,995"
486,Fossil,4.8,25000.0,"15,494"
487,Giordano,3.9,22000.0,"4,998"
488,Lee Cooper,4.5,2000.0,"5,792"
489,BENYAR,3.9,848000.0,"2,840"
490,Titan,4.6,67000.0,"2,979"
491,Shocknshop,3.8,643000.0,426
492,TIMEX,4.6,7000.0,"4,043"
493,Casio,5.0,1000.0,"11,995"
494,OBLVLO,,,"74,978."
495,TIMEX,,,"17,995"
496,Titan,4.2,92000.0,"10,211"
497,Casio,4.2,55000.0,"3,145"
498,Casio,4.4,544000.0,"4,194"
499,Generic,4.2,24000.0,499
500,Casio,4.0,1000.0,"3,995"
501,Titan,4.5,193000.0,"12,796"
502,Fossil,3.7,1200.0,"19,994"
503,Fossil,4.3,5000.0,"21,995"
504,Casio,4.5,402000.0,"7,836"
505,Tommy Hilfiger,4.1,22000.0,"8,579"
506,Fastrack,4.2,91000.0,895
507,Lionmati,5.0,2000.0,563
508,LONGBO,4.1,287000.0,948
509,Sonata,4.2,948000.0,769
510,DOUBLERUN,4.0,403000.0,399
511,Titan,3.2,2000.0,"19,996"
512,Titan,4.2,788000.0,"2,808"
513,Seiko,4.4,114000.0,"40,500"
514,SKMEI,4.2,4300.0,989
515,Invicta,4.4,19000.0,"7,999"
516,Fastrack,4.2,1400.0,"2,394"
517,Invicta,4.5,1600.0,"14,900"
518,Titan,4.2,25000.0,"22,494"
519,Sonata,4.2,2100.0,765
520,Tommy Hilfiger,3.9,15000.0,"17,999"
521,Shocknshop,4.3,21000.0,"1,233"
522,Fiiasa,3.5,24000.0,999
523,OLEVS,3.9,309000.0,"2,831"
524,BRETLEY,,,"66,916"
525,Tommy Hilfiger,4.1,23000.0,"11,375"
526,Casio,4.5,210000.0,"12,994"
527,Armani Exchange,4.1,21000.0,"23,995"
528,SKMEI,4.2,1800.0,"2,158"
529,Sonata,4.0,1300.0,795
530,Fastrack,4.4,127000.0,"2,635"
531,Sonata,4.3,220000.0,684
532,Sylvi,3.8,254000.0,"1,549"
533,Sonata,4.3,135000.0,"1,045"
534,Casio,4.4,291000.0,"4,236"
535,Armani Exchange,4.5,24000.0,"23,995"
536,Peugeot,4.1,569000.0,"13,531."
537,Titan,4.5,107000.0,"8,236"
538,Seiko,4.3,141000.0,"20,700"
539,Luminex Commerce,4.2,80000.0,"1,755"
540,Fastrack,4.0,87000.0,"3,775"
541,Casio,4.8,14000.0,"4,797"
542,Casio,4.3,3000.0,"2,516"
543,TIMEWEAR,3.8,967000.0,949
544,Fossil,4.1,160000.0,"18,895"
545,AMERICANVIBER,3.2,8000.0,526
546,Carlington,4.2,284000.0,948
547,LAVISHABLE,1.0,1000.0,249
548,LOUIS DEVIN,3.8,2200.0,341
549,Sonata,4.4,61000.0,"1,775"
550,Generic,,,249
551,Armani Exchange,5.0,4000.0,"9,998"
552,LIGE,4.0,1000.0,"3,499"
553,Titan,,,"12,995"
554,Sonata,4.3,254000.0,"1,083"
555,Sonata,4.2,105000.0,"2,656"
556,Matrix,3.9,64000.0,448
557,Fastrack,4.6,19000.0,"1,495"
558,Titan,4.1,33000.0,"10,586"
559,Casio,4.7,17000.0,"11,995"
560,AGELOCER,5.0,1000.0,"55,434"
561,Fossil(フォッシル),,,"12,490"
562,NAVIFORCE,4.2,462000.0,"2,399"
563,Titan,4.3,162000.0,"6,235"
564,Emporio Armani,4.0,13000.0,"13,997"
565,Titan,3.9,441000.0,"1,995"
566,Sonata,4.4,40000.0,"3,994"
567,TIMEX,4.1,10000.0,"5,596"
568,SELLORIA,3.9,413000.0,174
569,Casio,4.2,330000.0,"3,695"
570,BENYAR,4.1,1400.0,"2,840"
571,Diesel,4.2,9000.0,"40,994"
572,V2A,3.8,1800.0,940
573,Casio,4.3,44000.0,"10,396"
574,Titan,4.3,259000.0,"2,761"
575,Tommy Hilfiger,4.7,7000.0,"9,499"
576,Sonata,4.0,2000.0,809
577,Casio,4.4,138000.0,"10,655"
578,Fastrack,4.2,1100.0,"1,326"
579,Casio,4.3,663000.0,"2,635"
580,Casio,3.4,21000.0,"9,195"
581,Emporio Armani,5.0,3000.0,"25,995"
582,AMERICANVIBER,4.0,38000.0,428
583,SKMEI,4.0,3300.0,"1,386"
584,Lee Cooper,5.0,1000.0,"5,385"
585,Casio,4.5,121000.0,"13,596"
586,TIMEWORKS,3.8,308000.0,347
587,Armani Exchange,4.2,502000.0,"11,318"
588,Casio,4.6,224000.0,"2,995"
589,Casio,4.2,452000.0,"3,996"
590,Titan,4.4,190000.0,"9,438"
591,V2A,3.7,687000.0,711
592,Fossil,4.2,58000.0,"13,494"
593,Carlington,4.2,307000.0,948
594,NIBOSI,3.8,625000.0,"1,890"
595,V2A,4.0,221000.0,568
596,TIMEX,5.0,3000.0,"4,223"
597,Sonata,4.3,159000.0,881
598,HORIZEN,4.2,18000.0,"2,736"
599,Citizen,4.6,117000.0,"35,009"
600,V2A,4.1,208000.0,759
601,Titan,4.5,117000.0,"7,996"
602,Fastrack,4.0,232000.0,"2,166"
603,Fossil,5.0,3000.0,"8,097"
604,SKMEI,4.1,426000.0,
605,Armani Exchange,4.1,1900.0,"16,495"
606,Sonata,4.2,791000.0,"1,399"
607,Fastrack,4.6,20000.0,"4,945"
608,Casio,4.5,28000.0,"3,995"
609,Titan,4.3,382000.0,"12,745"
610,Titan,4.3,280000.0,"2,899"
611,Sonata,4.1,240000.0,745
612,Fastrack,4.3,37000.0,"5,794"
613,Fossil,5.0,3000.0,"21,994"
614,Fossil,4.5,8000.0,"12,995"
615,RADO Switzerland,5.0,1000.0,"9,999"
616,Titan,4.3,31000.0,"16,549"
617,BINBOND,3.2,37000.0,"3,500"
618,Fossil,4.3,11000.0,"11,995"
619,Shocknshop,3.6,695000.0,426
620,OLEVS,4.4,12000.0,"4,800"
621,Fossil,4.0,23000.0,"15,494"
622,Giordano,4.2,60000.0,"3,692"
623,OLEVS,3.9,478000.0,"3,800"
624,Casio,4.0,1000.0,"11,695"
625,CRESTELLO,4.4,81000.0,348
626,Seiko,4.5,107000.0,"24,300"
627,Casio,4.3,147000.0,"12,994"
628,Fastrack,4.1,256000.0,"1,212"
629,Casio,4.3,226000.0,"9,386"
630,Fastrack,4.4,86000.0,"2,094"
631,SWISSTONE,3.6,5300.0,331
632,Titan,4.1,97000.0,"4,165"
633,Casio,5.0,1000.0,"4,695"
634,Casio,3.9,9000.0,"10,846"
635,Giordano,4.0,21000.0,"3,899"
636,Acnos,3.6,718000.0,265
637,Titan,3.6,25000.0,"37,395"
638,Seiko,4.6,28000.0,"54,000"
639,Casio,4.8,23000.0,"11,395"
640,Titan,4.1,1300.0,"2,587"
641,Shocknshop,3.8,924000.0,403
642,BOSS,4.3,29000.0,"25,661."
643,Armani Exchange,4.7,8000.0,"23,991"
644,Titan,4.6,72000.0,"26,276"
645,Generic,3.6,15000.0,499
646,Sonata,4.1,1200.0,998
647,Fastrack,4.2,71000.0,"1,356"
648,Titan,4.4,717000.0,"2,290"
649,Emporio Armani,4.0,28000.0,"15,397"
650,Sonata,4.4,74000.0,"1,245"
651,Casio,4.1,444000.0,"3,995"
652,Seiko,4.2,207000.0,"29,700"
653,METSPOT,3.5,12000.0,339
654,Titan,3.4,18000.0,"13,196"
655,Titan,3.9,37000.0,"8,495"
656,SKMEI,4.0,2900.0,"3,252"
657,EDGE,4.2,19000.0,"25,197"
658,SKMEI,3.9,1100.0,"2,006"
659,Casio,3.7,9000.0,"2,995"
660,Titan,4.2,165000.0,"3,196"
661,ROCOSJEWE,4.1,42000.0,"4,419"
662,Shocknshop,3.5,421000.0,426
663,Seiko,4.6,365000.0,"22,500"
664,Fastrack,4.2,217000.0,"1,525"
665,Titan,4.1,92000.0,"12,092"
666,IIK COLLECTION,4.5,4000.0,469
667,Fastrack,4.2,58000.0,"1,419"
668,V2A,4.5,6000.0,"1,897"
669,Casio,4.4,116000.0,"17,095"
670,TIMEX,4.3,241000.0,"4,490"
671,Fossil,4.7,11000.0,"15,995"
672,Generic,,,649
673,Fastrack,4.4,444000.0,"1,776"
674,DEVIL,3.6,41000.0,369.
675,SKMEI,4.2,107000.0,"3,476"
676,Invicta,4.9,24000.0,"8,775"
677,Acnos,3.6,550000.0,298
678,Casio,4.5,35000.0,"11,995"
679,Fastrack,4.2,2700.0,"1,596"
680,Fossil,5.0,4000.0,"26,995"
681,Armani Exchange,4.5,467000.0,"16,495"
682,KENNETH COLE,5.0,4000.0,"13,400"
683,Casio,4.1,24000.0,"2,037"
684,Shocknshop,3.9,1200.0,283
685,Carlington,4.2,111000.0,948
686,Fastrack,4.1,2500.0,"1,571"
687,LORENZ,3.8,6000.0,369
688,CRESTELLO,3.8,538000.0,444
689,Seiko,4.4,766000.0,"22,500"
690,TIMEX,4.0,51000.0,"4,347"
691,Fastrack,4.8,7000.0,"1,709"
692,Fastrack,4.2,63000.0,"2,194"
693,Titan,4.4,85000.0,"13,836"
694,Sonata,4.0,48000.0,"3,894"
695,Emporio Armani,4.0,100000.0,"27,994"
696,ROCOSJEWE,3.9,28000.0,"12,499"
697,Fastrack,4.6,7000.0,"1,262"
698,KITCONE,4.4,6000.0,995
699,Daniel Hechter,3.8,59000.0,"1,993"
700,TIMEX,5.0,3000.0,"2,796"
701,Titan,4.3,11000.0,"12,865"
702,Daniel Hechter,4.1,11000.0,"2,799"
703,Shocknshop,3.8,1500.0,403
704,Carlington,4.0,279000.0,948
705,Fastrack,4.2,4000.0,"1,595"
706,Sonata,4.5,16000.0,"1,295"
707,OLEVS,4.0,533000.0,"3,800"
708,BENYAR,4.1,246000.0,"2,429"
709,Giordano,2.5,2000.0,"2,498"
710,Casio,4.5,50000.0,"6,995"
711,ON TIME OCTUS,3.6,14000.0,429
712,D1 Milano,,,"31,499"
713,Casio,4.3,563000.0,"3,595"
714,Tommy Hilfiger,2.5,2000.0,"12,249"
715,LOUIS DEVIN,3.8,2500.0,331
716,Tommy Hilfiger,3.9,14000.0,"5,399"
717,FEICE,,,"36,999"
718,Acnos,3.5,429000.0,298
719,Giordano,3.5,15000.0,"4,691"
720,Fastrack,4.4,18000.0,"1,897"
721,Sonata,4.2,2000.0,"1,539"
722,Sonata,4.2,59000.0,"4,194"
723,Fossil,5.0,5000.0,"14,495"
724,SF,3.9,4800.0,481
725,HORIZEN,5.0,2000.0,"3,190"
726,OLEVS,4.0,739000.0,"3,800"
727,Fastrack,4.2,317000.0,"1,525"
728,Casio,4.6,17000.0,"11,994"
729,Casio,4.3,1400.0,"2,695"
730,Fossil,4.3,290000.0,"14,494"
731,Titan,4.3,834000.0,"2,537"
732,Sonata,4.4,31000.0,"4,294"
733,Seiko,4.6,104000.0,"14,850"
734,SKMEI,4.1,5300.0,913
735,Tommy Hilfiger,4.3,72000.0,"12,999"
736,Casio,4.2,14000.0,"3,994"
737,Fastrack,3.4,147000.0,"1,592"
738,FEICE,3.9,556000.0,"9,999"
739,Carlington,3.8,89000.0,"1,613"
740,Fossil,4.1,272000.0,"12,994"
741,Tommy Hilfiger,4.3,65000.0,"11,549"
742,OLEVS,3.9,4100.0,"3,800"
743,Armani Exchange,5.0,2000.0,"24,495"
744,Titan,4.1,93000.0,"8,555"
745,BENYAR,4.0,314000.0,"2,840"
746,Titan,4.7,61000.0,"17,280"
747,Titan,4.5,12000.0,"28,495"
748,Sonata,4.4,38000.0,"1,295"
749,Matrix,3.7,164000.0,248
750,Titan,4.1,25000.0,"5,012"
751,ROCOSJEWE,3.8,15000.0,"11,899"
752,GUESS,4.7,439000.0,"8,523"
753,Giordano,4.6,3000.0,"3,665"
754,Fastrack,4.4,104000.0,"4,556"
755,BENYAR,3.8,428000.0,"2,745"
756,Matrix,3.6,110000.0,448
757,Sonata,4.1,912000.0,"1,075"
758,IIK COLLECTION,3.8,21000.0,928
759,YUINK,4.3,546000.0,"6,326"
760,Titan,4.8,9000.0,"17,195"
761,Shocknshop,4.0,42000.0,473
762,Daniel Hechter,4.0,15000.0,"2,998"
763,Casio,4.1,20000.0,"12,994"
764,Casio,3.7,8000.0,"5,495"
765,Fastrack,3.3,159000.0,"1,318"
766,Fastrack,4.3,842000.0,"2,797"
767,Fossil,4.4,2900.0,"9,097"
768,Casio,4.2,12000.0,"17,995"
769,Zoop,4.3,175000.0,694
770,Sonata,3.9,12000.0,"1,894"
771,Royalex,5.0,2000.0,"2,754."
772,Tommy Hilfiger,4.6,9000.0,"9,419"
773,Titan,4.3,856000.0,"2,630"
774,Fossil,4.0,2000.0,"23,948"
775,Tommy Hilfiger,4.8,27000.0,"11,385"
776,Fastrack,4.0,21000.0,"10,621"
777,Chronorex,3.4,39000.0,575
778,NIBOSI,4.0,298000.0,"2,650"
779,Acnos,4.2,50000.0,982
780,Casio,4.4,61000.0,"1,695"
781,Fastrack,4.2,1200.0,"3,755"
782,LORENZ,3.6,346000.0,370
783,Titan,4.4,44000.0,"7,516"
784,Sonata,4.6,20000.0,"1,495"
785,Sonata,4.1,225000.0,"1,556"
786,KENNETH COLE,,,"11,400"
787,Fastrack,4.2,106000.0,"1,737"
788,Maserati,4.8,13000.0,"13,630"
789,Titan,4.1,149000.0,"10,721"
790,Fossil,4.7,12000.0,"15,995"
791,DANIEL KLEIN,,,"5,750"
792,Casio,4.3,1400.0,"2,636"
793,GUESS,4.2,98000.0,"18,145"
794,Giordano,4.6,3000.0,"5,487"
795,Casio,3.5,22000.0,"3,995"
796,United Colors of Benetton,,,"5,667"
797,KENNETH COLE,,,"24,999"
798,ON TIME OCTUS,3.8,256000.0,359
799,Sonata,3.9,148000.0,724
800,Generic,3.2,11000.0,499
801,Oculus,3.7,31000.0,380
802,SF,4.1,1500.0,695
803,Fossil,4.2,8000.0,"21,995"
804,Casio,4.4,108000.0,"6,994"
805,Casio,4.2,23000.0,"4,795"
806,Casio,4.3,10000.0,"2,446"
807,Casio,5.0,3000.0,"3,195"
808,Joker & Witch,3.4,38000.0,902
809,Titan,4.2,32000.0,"27,994"
810,Seiko,4.4,298000.0,"27,000"
811,Fastrack,3.9,1400.0,"3,188"
812,Fastrack,4.5,107000.0,"1,649"
813,Casio,4.4,19000.0,"16,994"
814,TIMEWEAR,3.7,952000.0,329
815,Casio,5.0,3000.0,"3,995"
816,Casio,3.9,29000.0,"2,995"
817,Fossil,4.5,83000.0,"13,495"
818,Fossil,4.4,1000.0,"14,495"
819,TIMEX,4.4,11000.0,"4,579"
820,Zoop,4.4,487000.0,"1,194"
821,OLEVS,4.2,516000.0,"5,780"
822,Maserati,4.6,104000.0,"17,777"
823,Sonata,,,"1,283"
824,Fastrack,4.6,45000.0,"4,405"
825,Sonata,4.2,36000.0,"2,794"
826,Carlington,3.9,33000.0,"1,613"
827,Invicta,4.8,80000.0,"23,250"
828,Generic,,,"1,299"
829,FROZIL,3.8,180000.0,399
830,Titan,4.2,472000.0,"4,796"
831,CHARLIEKEEN,3.8,55000.0,379
832,Fossil,5.0,1000.0,"19,995"
833,TIMEX,4.3,220000.0,"1,152"
834,Casio,4.4,24000.0,"1,895"
835,Casio,4.0,29000.0,"11,545"
836,Sonata,4.0,100000.0,"1,299"
837,Carlington,3.5,99000.0,"1,613"
838,TIMEWEAR,4.1,73000.0,309
839,Tommy Hilfiger,4.4,14000.0,"8,798"
840,Fiiasa,3.9,14000.0,999
841,Seiko,4.5,388000.0,"27,000"
842,Titan,4.2,342000.0,"13,196"
843,Fossil,4.4,24000.0,"24,494"
844,Reaction by Kenneth Cole,,,"5,217"
845,Casio,4.3,106000.0,"8,796"
846,Fossil,4.3,1400.0,"19,495"
847,Casio,4.0,62000.0,"2,995"
848,METSPOT,3.5,13000.0,289
849,Titan,4.4,203000.0,"9,306"
850,Titan,4.1,149000.0,"27,815"
851,TIMEWEAR,3.8,22800.0,799
852,Fastrack,4.1,28000.0,"1,844"
853,Fossil,4.4,7000.0,"12,248"
854,Casio,4.1,81000.0,"3,496"
855,KENNETH COLE,4.0,1000.0,"11,400"
856,SF,4.0,3100.0,649
857,FEICE,4.3,39000.0,"24,999"
858,LOUIS DEVIN,3.8,393000.0,322
859,Casio,4.2,100000.0,"12,396"
860,Casio,4.2,15000.0,"23,994"
861,Titan,4.0,21000.0,"9,103"
862,Armani Exchange,4.0,728000.0,"11,494"
863,CAVIOT,4.0,1000.0,362.
864,Giordano,4.3,15000.0,"4,860"
865,Titan,4.3,103000.0,"13,595"
866,V2A,3.6,70000.0,948
867,Sonata,4.2,54000.0,"2,494"
868,Giordano,4.2,51000.0,"4,968"
869,Poedagar,3.9,9000.0,"2,799"
870,Fastrack,4.4,938000.0,"1,396"
871,Casio,4.3,17000.0,"14,994"
872,jainx,4.1,90000.0,575.
873,Generic,4.4,18000.0,260
874,Fossil,4.2,147000.0,"10,147"
875,Casio,4.0,15000.0,"11,995"
876,NAVIFORCE,4.1,94000.0,"3,053"
877,Sonata,4.3,65000.0,"1,032"
878,Titan,4.2,77000.0,"2,537"
879,Fossil,4.0,2700.0,"15,456"
880,OLEVS,4.0,221000.0,"3,420"
881,Tommy Hilfiger,,,"8,271."
882,jainx,4.4,11000.0,478
883,Generic,4.0,5000.0,649
884,TIMEX,4.4,3000.0,"6,026"
885,Sonata,4.1,38000.0,"1,894"
886,Titan,4.3,774000.0,"8,555"
887,Fossil,4.5,59000.0,"10,146"
888,GUESS,4.1,13000.0,"12,368"
889,Fastrack,4.2,91000.0,"1,709"
890,Titan,4.3,60000.0,"9,700"
891,Fastrack,4.6,10000.0,"1,580"
892,Fastrack,4.2,698000.0,"1,515"
893,Generic,4.1,47000.0,490
894,Matrix,3.7,277000.0,264
895,MVMT,4.1,49000.0,"12,337"
896,NAVIFORCE,4.0,3600.0,"3,019"
897,Titan,4.2,20000.0,"13,730"
898,Titan,3.6,73000.0,"3,436"
899,Titan,4.0,121000.0,"2,171"
900,TIMEX,4.8,6000.0,"2,589"
901,TISSOT,,,"37,000"
902,Fastrack,4.0,1000.0,"1,510"
903,Giordano,4.2,90000.0,"2,499"
904,Shocknshop,3.5,393000.0,355
905,OLEVS,3.9,380000.0,"2,880"
906,Fiiasa,4.7,4000.0,"2,799"
907,Fossil,4.2,33000.0,"15,994"
908,Sonata,3.9,42000.0,"1,445"
909,LORENZ,3.8,2000.0,467
910,KIRBAND LIVING,,,369
911,Matrix,,,448
912,KENNETH COLE,,,"12,000"
913,Shocknshop,3.9,126000.0,426
914,Fastrack,4.2,150000.0,"1,331"
915,Casio,4.3,301000.0,"6,296"
916,TIMEX,4.3,1800.0,"2,562"
917,Titan,3.8,287000.0,"1,795"
918,Generic,,,"1,599"
919,Matrix,3.8,299000.0,248
920,Tommy Hilfiger,5.0,3000.0,
921,TIMEX,4.4,501000.0,"7,487"
922,Shocknshop,3.8,56000.0,473
923,SOLLEN,3.9,16000.0,"3,499"
924,Daniel Hechter,4.0,31000.0,"1,999"
925,Titan,4.0,653000.0,"2,689"
926,Titan,3.6,5000.0,"5,946"
927,Fastrack,4.4,167000.0,"2,327"
928,Titan,5.0,1000.0,"9,355"
929,Citizen,4.4,12000.0,"52,110"
930,Fastrack,4.3,334000.0,825
931,Sonata,4.0,88000.0,746
932,Fastrack,4.2,35000.0,"2,217"
933,Sonata,4.5,26000.0,"3,895"
934,Titan,2.8,16000.0,"27,595"
935,Fastrack,4.0,2600.0,976
936,Titan,4.7,10000.0,"5,994"
937,French Connection,3.8,137000.0,"2,689"
938,Tommy Hilfiger,4.5,10000.0,
939,Fastrack,4.1,1200.0,"1,466"
940,TIMEX,4.3,57000.0,"2,582"
941,Titan,4.1,23000.0,"3,963"
942,Sonata,4.0,50000.0,"1,199"
943,Fastrack,4.3,217000.0,"1,296"
944,Casio,4.5,359000.0,"15,996"
945,Fossil,4.1,21000.0,"19,995"
946,TIMEX,4.0,32000.0,"2,929"
947,ALNA-TURA,4.1,50000.0,360
948,Sonata,4.3,49000.0,"1,454"
949,Titan,4.2,172000.0,"2,479"
950,DOUBLERUN,3.4,194000.0,269
951,Diesel,4.0,389000.0,"27,996"
952,Daniel Hechter,3.9,84000.0,"2,199"
953,Generic,,,999
954,Titan,4.2,935000.0,"2,435"
955,Titan,4.0,148000.0,"13,721"
956,TIMEX,4.2,842000.0,"2,936"
957,Sonata,4.1,2200.0,725
958,Casio,4.3,81000.0,"6,994"
959,TIMEX,4.5,11000.0,"26,995"
960,Sylvi,3.7,242000.0,"1,679"
961,Sonata,4.2,369000.0,624
962,Sonata,4.1,3800.0,974
963,BINBOND,3.4,20000.0,"3,500"
964,Titan,4.1,59000.0,"13,000"
965,Joker & Witch,3.7,39000.0,887
966,Titan,4.0,173000.0,"10,732"
967,Fossil,5.0,6000.0,"16,095"
968,Titan,4.3,535000.0,"1,983"
969,Michael Kors,4.5,11200.0,"9,896"
970,Tommy Hilfiger,3.2,4000.0,"6,599"
971,Fossil,4.7,13000.0,"14,495"
972,Fossil,4.6,67000.0,"12,995"
973,Sonata,4.0,1800.0,648
974,jainx,4.1,23000.0,266.
975,LONGBO,4.3,46000.0,"2,089"
976,Sonata,4.2,106000.0,"1,291"
977,Police,3.5,5000.0,"9,300"
978,Sonata,4.3,143000.0,"2,396"
979,Sonata,4.2,27000.0,"3,194"
980,Titan,4.5,156000.0,"6,292"
981,Casio,5.0,1000.0,"6,995"
982,French Connection,5.0,1000.0,"2,780"
983,Acnos,3.8,380000.0,407
984,Titan,4.2,151000.0,"5,876"
985,Fossil,3.9,132000.0,"19,494"
986,ALNA-TURA,5.0,1000.0,899
987,Fastrack,4.1,86000.0,696
988,Sonata,3.3,17000.0,895
989,BENYAR,5.0,1000.0,"3,490"
990,Casio,3.8,9000.0,"13,296"
991,NORTH EDGE,4.0,157000.0,"7,255"
992,Casio,4.7,73000.0,"21,994"
993,Casio,4.6,8000.0,"9,796"
994,Fossil,4.2,20000.0,"21,995"
995,Titan,4.4,182000.0,"2,443"
996,TIMEX,5.0,2000.0,"3,246"
997,senstone,4.0,283000.0,"2,871"
998,TIMEX,4.2,554000.0,"4,215"
999,Generic,4.2,18000.0,999
1000,senstone,4.2,85000.0,"2,579"
1001,Lee Cooper,5.0,2000.0,"6,133"
1002,VOSTOK,,,"15,215."
1003,Dezine,3.6,30000.0,379
1004,L LAVAREDO,4.3,609000.0,"3,399"
1005,Titan,4.1,10000.0,"21,495"
1006,Daniel Hechter,3.8,17000.0,"2,999"
1007,Titan,4.2,33000.0,"5,035"
1008,Daniel Hechter,1.5,2000.0,"4,799"
1009,Casio,4.2,26000.0,"15,196"
1010,Shocknshop,3.8,406000.0,426
1011,Carlington,5.0,1000.0,948
1012,Fastrack,4.1,1500.0,789
1013,FEICE,3.8,18000.0,"6,999"
1014,Sylvi,3.9,150000.0,"1,799"
1015,Sonata,4.2,10000.0,"2,399"
1016,TIMEX,,,"2,709"
1017,OLEVS,4.2,366000.0,"3,420"
1018,TIMEX,4.2,2100.0,"4,095"
1019,Titan,4.8,7000.0,"21,595"
1020,Titan,3.9,16000.0,"10,396"
1021,HORIZEN,5.0,1000.0,"2,990"
1022,GUESS,4.6,505000.0,"14,696"
1023,Sylvi,4.2,10000.0,"1,799"
1024,MASTOP,3.9,1700.0,"1,949"
1025,Fossil,4.2,4600.0,"12,994"
1026,BENYAR,,,"3,290"
1027,Titan,4.4,101000.0,"16,720"
1028,SELLORIA,3.8,1400.0,269
1029,Casio,4.7,4000.0,"94,995"
1030,Fastrack,4.2,260000.0,"3,970"
1031,SWADESI STUFF,4.3,33000.0,549
1032,Fastrack,4.0,113000.0,"1,886"
1033,Emporio Armani,4.0,44000.0,"32,495"
1034,Casio,3.9,26000.0,"11,994"
1035,WRIGHTRACK,4.6,47000.0,799
1036,Maserati,4.6,230000.0,"15,016."
1037,Titan,4.6,33000.0,"18,746"
1038,Sonata,4.2,84000.0,724
1039,Casio,4.8,22000.0,"8,995"
1040,Shocknshop,3.3,8000.0,"1,426"
1041,Fastrack,4.2,141000.0,"3,400."
1042,Zoop,4.2,221000.0,794
1043,Titan,4.5,44000.0,"2,770"
1044,Casio,4.4,119000.0,"3,995"
1045,Daniel Hechter,3.9,32000.0,"3,713"
1046,TIMEX,5.0,5000.0,"4,133"
1047,Diesel,4.4,8000.0,"24,796"
1048,Sonata,4.0,220000.0,707
1049,Giordano,3.2,14000.0,"2,699"
1050,French Connection,4.0,11000.0,"4,479"
1051,Casio,4.4,126000.0,"10,494"
1052,Fastrack,4.5,102000.0,"1,675"
1053,Sonata,4.4,97000.0,"1,324"
1054,V2A,3.8,115000.0,"1,605"
1055,Michael Kors,4.6,22000.0,"11,996"
1056,Armani Exchange,4.7,19000.0,"17,495"
1057,Alba,,,"13,500"
1058,Sonata,4.3,49000.0,992
1059,TISSOT,,,"49,900"
1060,Sonata,4.2,90000.0,"1,444"
1061,Diesel,4.6,78000.0,"23,495"
1062,Titan,4.3,51000.0,"2,635"
1063,Carlington,3.8,440000.0,"1,328"
1064,Casio,4.3,21000.0,"4,494"
1065,SELLORIA,3.1,88000.0,187
1066,Titan,3.7,24000.0,"6,333"
1067,CRESTELLO,3.7,150000.0,444
1068,GUESS,,,"5,598"
1069,Titan,4.3,83000.0,"5,540"
1070,OLEVS,3.9,60000.0,"2,935"
1071,Sonata,4.0,1000.0,"1,699"
1072,Tommy Hilfiger,,,"14,500"
1073,FEICE,3.3,42000.0,"5,999"
1074,Tommy Hilfiger,,,"9,939"
1075,Evelyn,5.0,5000.0,401
1076,Titan,4.3,322000.0,"2,236"
1077,Tissot(ティソ),,,"33,995"
1078,KENNETH COLE,4.5,11000.0,"6,499"
1079,Titan,4.2,40000.0,"20,620"
1080,Matrix,3.8,109000.0,248
1081,Fastrack,4.0,21000.0,"1,571"
1082,TIMEX,4.0,54000.0,"1,396"
1083,NAVIFORCE,4.4,41000.0,"2,953"
1084,Fastrack,3.8,37000.0,"1,792"
1085,Titan,4.4,163000.0,"4,795"
1086,POSHI,,,"2,949"
1087,Titan,4.2,18000.0,"3,460"
1088,Fiiasa,2.4,5000.0,999
1089,Titan,4.4,547000.0,"6,378"
1090,Shocknshop,3.6,466000.0,426
1091,Carlington,3.8,286000.0,948
1092,Sonata,4.3,26000.0,"1,894"
1093,Titan,4.1,28000.0,"2,965"
1094,Fastrack,4.3,161000.0,"3,325"
1095,Giordano,3.6,72000.0,"2,899"
1096,Titan,4.2,1200.0,"3,933"
1097,Titan,4.2,11000.0,"7,580"
1098,Tommy Hilfiger,5.0,3000.0,"7,360"
1099,Fastrack,4.3,1000.0,"1,886"
1100,SOLLEN,4.7,11000.0,"2,899"
1101,Casio,3.5,4000.0,"16,097"
1102,Fossil,4.8,9000.0,"13,495"
1103,Fastrack,4.0,18000.0,"1,893"
1104,Casio,4.0,5000.0,"4,795"
1105,TIMEX,5.0,2000.0,"6,995"
1106,Sonata,4.2,199000.0,994
1107,OPK,3.8,248000.0,"2,805"
1108,Ingersoll,4.5,11000.0,"31,620"
1109,Casio,4.6,82000.0,"2,995"
1110,TIMEX,4.7,20000.0,"13,995"
1111,French Connection,4.0,4000.0,"4,648"
1112,Fastrack,4.0,34000.0,"1,792"
1113,Casio,3.6,31000.0,"2,796"
1114,SELLORIA,3.3,927000.0,163
1115,Fastrack,4.3,119000.0,"1,795"
1116,VILAM,5.0,5000.0,799
1117,Fastrack,4.3,45000.0,"1,196"
1118,Acnos,4.6,41000.0,255
1119,Emporio Armani,4.0,13000.0,"13,997"
1120,Matrix,4.2,48000.0,273
1121,Seiko,4.3,78000.0,"37,800"
1122,Fossil,4.0,1400.0,"9,494"
1123,Sonata,4.1,217000.0,"1,994"
1124,Shocknshop,3.8,349000.0,283
1125,PAPIO,3.4,18000.0,426
1126,Casio,4.6,377000.0,"3,594"
1127,Emporio Armani,,,"27,995"
1128,Tommy Hilfiger,4.7,24000.0,"13,500"
1129,TSAR BOMBA,4.3,357000.0,"31,975"
1130,Titan,4.3,308000.0,"1,795"
1131,Fastrack,4.2,863000.0,"1,996"
1132,Titan,4.3,87000.0,"23,995"
1133,Lacoste,4.0,7000.0,"10,799"
1134,Giordano,2.9,5000.0,"7,274."
1135,LOUIS DEVIN,3.7,203000.0,331
1136,Titan,4.3,315000.0,"3,166"
1137,Giordano,,,"2,699"
1138,Joker & Witch,4.0,240000.0,663
1139,Lacoste,4.5,21000.0,
1140,GUESS,4.7,20000.0,"19,995"
1141,Casio,4.5,16000.0,"7,996"
1142,V2A,3.9,83000.0,806
1143,Sonata,4.5,2000.0,"1,219"
1144,TIMEX,4.6,6000.0,"2,796"
1145,Spiffy,3.6,27000.0,"2,490"
1146,MITLUN,3.3,5000.0,299
1147,Fossil,5.0,1000.0,"19,995"
1148,Fossil,4.2,35000.0,"13,495"
1149,Casio,5.0,2000.0,"2,636"
1150,TIMEX,3.5,5000.0,"3,356"
1151,Titan,4.2,17000.0,"11,948"
1152,NAVIFORCE,,,"2,598"
1153,Casio,4.3,116000.0,"20,494"
1154,Casio,4.2,45000.0,"3,195"
1155,Sonata,4.2,101000.0,"1,145"
1156,AROA,2.5,3000.0,399
1157,Titan,4.0,344000.0,"2,800"
1158,French Connection,,,"2,415."
1159,Titan,4.6,21000.0,"8,931"
1160,FEICE,4.1,583000.0,"21,999"
1161,Sonata,3.9,38000.0,627
1162,Sylvi,3.8,1600.0,"1,489"
1163,Kenneth Scott,,,"2,520"
1164,GUESS,4.4,11000.0,"13,645"
1165,GUESS,4.4,22000.0,"20,995"
1166,Armani Exchange,4.3,774000.0,"17,995"
1167,Citizen,4.4,44000.0,"17,765"
1168,senstone,3.7,59000.0,"5,236"
1169,TIMEX,3.6,3000.0,"3,446"
1170,Fastrack,3.9,518000.0,"2,245"
1171,LONGBO,3.8,169000.0,940
1172,Casio,4.2,16000.0,"8,494"
1173,Acnos,4.0,233000.0,448
1174,Casio,3.5,9000.0,"15,994"
1175,Matrix,3.9,63000.0,273
1176,Fossil,4.8,17000.0,"13,495"
1177,QORUM,,,"11,049"
1178,Fastrack,4.2,104000.0,"2,955"
1179,Casio,3.9,152000.0,"2,956"
1180,Titan,4.1,351000.0,"2,785"
1181,Casio,4.2,93000.0,"10,495"
1182,Matrix,3.4,484000.0,133
1183,MF MINI FOCUS,4.4,552000.0,"3,799"
1184,Fastrack,4.4,26000.0,"4,405"
1185,Casio,4.1,37000.0,"2,796"
1186,Generic,4.0,11000.0,499
1187,Fossil,2.8,9000.0,"22,995"
1188,Sonata,4.0,1300.0,585
1189,Casio,4.2,141000.0,"9,895"
1190,Titan,4.2,128000.0,"6,155"
1191,Seiko,4.1,364000.0,"27,000"
1192,ZUNPAI ZP,3.5,15000.0,"2,499"
1193,Titan,3.9,21000.0,"6,075"
1194,Casio,4.2,99000.0,"16,195"
1195,Xylys,,,"18,000"
1196,The Watch Company,4.5,2000.0,"1,999"
1197,Titan,4.0,1000.0,"11,995"
1198,Fastrack,4.3,96000.0,"1,595"
1199,BOSS,4.8,6000.0,"14,995"
1200,jainx,4.0,969000.0,597
1201,Joker & Witch,3.6,50000.0,663
1202,TIMEX,3.8,5000.0,"5,876"
1203,Casio,3.3,9000.0,"7,596"
1204,Seiko,4.2,7000.0,"46,800"
1205,BENYAR,4.3,2300.0,"3,290"
1206,Tissot(ティソ),,,"52,000"
1207,Casio,5.0,8000.0,"52,195"
1208,Fossil,4.0,2800.0,"11,197"
1209,Titan,4.0,61000.0,"11,406"
1210,OLEVS,4.0,1000.0,"3,420"
1211,LONGBO,4.2,5000.0,"2,290"
1212,Casio,4.4,136000.0,"3,895"
1213,Titan,3.0,2000.0,"9,495"
1214,CHARLIEKEEN,3.9,15000.0,360
1215,CRESTELLO,3.5,4000.0,391
1216,Casio,4.3,114000.0,"3,395"
1217,V2A,3.4,204000.0,948
1218,Titan,4.0,14000.0,"28,795"
1219,Titan,3.6,10000.0,"16,846."
1220,SWADESI STUFF,3.9,189000.0,299
1221,V2A,4.7,13000.0,949
1222,Titan,4.1,37000.0,"8,316"
1223,Titan,4.6,43000.0,"11,029"
1224,Casio,4.4,258000.0,"10,994"
1225,Acnos,4.0,806000.0,398
1226,Fastrack,4.2,1000.0,"1,746"
1227,Generic,,,"1,499"
1228,Casio,4.4,22000.0,"8,494"
1229,FULAIDA,,,"2,165"
1230,Joker & Witch,4.0,13000.0,"1,349"
1231,Fastrack,3.6,20000.0,895
1232,Joker & Witch,3.7,35000.0,999
1233,Fastrack,4.3,455000.0,"1,688."
1234,Casio,4.4,419000.0,"2,635"
1235,Fossil,4.0,6000.0,"11,995"
1236,Matrix,3.7,77000.0,248
1237,Lee Cooper,3.7,4000.0,"3,135"
1238,Fastrack,4.1,29000.0,"1,704"
1239,Casio,4.0,195000.0,"5,994"
1240,Casio,,,"11,995"
1241,Q&Q,3.9,9000.0,"1,109"
1242,TIMEX,4.0,25000.0,"4,399"
1243,Tommy Hilfiger,3.7,17000.0,"6,600"
1244,Titan,3.9,14000.0,"6,396"
1245,Chronorex,3.6,15000.0,575.
1246,Tornado,,,"28,608"
1247,Sonata,4.0,66000.0,"1,452"
1248,Acnos,3.8,169000.0,248
1249,Lacoste,4.6,3000.0,"11,600"
1250,GOLDENIZE FASHION,4.5,17000.0,499
1251,Fastrack,4.2,974000.0,"1,721"
1252,Casio,4.5,551000.0,"5,994"
1253,Generic,3.4,8000.0,499
1254,Fossil,4.6,1100.0,"13,494"
1255,Casio,,,"3,835"
1256,Shocknshop,3.8,526000.0,403
1257,Titan,4.4,20000.0,"2,722"
1258,FORSINING,3.4,27000.0,"2,953"
1259,Armani Exchange,4.7,947000.0,"16,994"
1260,Armani Exchange,3.0,6000.0,"11,495"
1261,Generic,,,998
1262,Tommy Hilfiger,4.0,42000.0,"9,998"
1263,Giordano,4.3,8000.0,"3,886"
1264,EVRGLOW,4.6,11000.0,230
1265,EDGE,4.4,43000.0,"28,796"
1266,Fiiasa,3.2,8000.0,"1,980"
1267,ROCOSJEWE,3.9,31000.0,"9,888"
1268,Emporio Armani,5.0,1000.0,"27,994"
1269,Titan,4.3,292000.0,"2,796"
1270,Aglance,4.2,28000.0,236
1271,Fossil,5.0,6000.0,"19,495"
1272,Casio,3.6,3000.0,"10,395"
1273,OLEVS,4.0,590000.0,"3,420"
1274,Casio,4.2,1400.0,"3,995"
1275,Fastrack,4.0,26000.0,"4,594"
1276,Chronorex,3.8,23000.0,575
1277,STARGAZE,3.7,14000.0,205
1278,TIMEX,3.5,2000.0,"8,395"
1279,BeQuest: Quest For More,4.0,4000.0,"5,799"
1280,Casio,4.3,434000.0,"8,545"
1281,Fossil,5.0,1000.0,"19,995"
1282,Titan,4.1,29000.0,"7,219"
1283,Mastyle,,,"1,918"
1284,Fossil,4.4,71000.0,"21,994"
1285,Fastrack,4.0,13000.0,"4,994"
1286,TIMEX,4.6,31000.0,"2,608"
1287,Casio,4.9,10000.0,"18,395"
1288,Casio,4.8,6000.0,"10,395"
1289,LYNZ,3.6,9000.0,"2,272."
1290,LOUIS DEVIN,4.2,54000.0,445
1291,Fastrack,4.4,267000.0,"1,996"
1292,Armani Exchange,4.4,9000.0,"19,995"
1293,Giordano,4.1,7000.0,"2,599"
1294,Casio,5.0,4000.0,"11,995"
1295,Casio,4.4,37000.0,"2,995"
1296,EDGE,5.0,5000.0,"34,395"
1297,Philipp Plein,4.6,11000.0,"72,500"
1298,OLEVS,3.7,768000.0,"2,610"
1299,Diesel,4.5,2000.0,"32,494"
1300,COACH,,,"26,763"
1301,Fastrack,4.1,414000.0,"1,796"
1302,LORENZ,3.8,66000.0,465
1303,Daniel Hechter,4.1,22000.0,"2,299"
1304,Titan,4.0,76000.0,"7,995"
1305,Casio,3.8,9000.0,"5,994"
1306,BRUNO MILANO,4.0,85000.0,"2,943"
1307,Police,,,"29,295"
1308,TIMEX,5.0,7000.0,"5,171"
1309,KENNETH COLE,5.0,1000.0,"12,000"
1310,Diesel,3.6,4000.0,"23,495"
1311,Titan,3.8,9000.0,"6,755"
1312,Armani Exchange,4.9,13000.0,"10,497"
1313,Fastrack,4.3,575000.0,"1,537"
1314,SWADESI STUFF,3.8,132000.0,549
1315,Casio,4.5,12000.0,"3,495"
1316,ORZU,,,"7,795"
1317,Fastrack,4.0,694000.0,"1,794"
1318,Matrix,3.8,729000.0,273
1319,Acnos,3.8,307000.0,308
1320,Fastrack,4.3,872000.0,"1,721"
1321,Titan,4.1,21000.0,"7,871"
1322,Fastrack,4.7,23000.0,"1,893"
1323,Tommy Hilfiger,4.6,9000.0,
1324,Titan,4.1,30000.0,"5,806"
1325,Carlington,3.1,49000.0,948
1326,EDGE,5.0,4000.0,"15,996"
1327,Sonata,4.2,537000.0,"2,994"
1328,LOUIS DEVIN,3.6,988000.0,299
1329,Fastrack,4.3,30000.0,"1,995"
1330,Titan,4.4,144000.0,"13,721"
1331,Fastrack,4.1,79000.0,"1,650"
1332,Titan,,,"7,495"
1333,Fastrack,3.8,25000.0,995
1334,Sonata,4.0,38000.0,774
1335,Sonata,4.3,1100.0,"1,276"
1336,LORENZ,3.5,58000.0,399
1337,Titan,4.1,62000.0,"19,870"
1338,Tommy Hilfiger,4.5,2000.0,"14,399"
1339,TIMEX,,,"24,995"
1340,Generic,3.7,7000.0,469.
1341,HORAME,4.0,66000.0,899
1342,Sonata,3.7,10000.0,"1,117"
1343,Michael Kors,4.5,1400.0,"24,494"
1344,ON TIME OCTUS,4.0,73000.0,585
1345,Titan,4.8,6000.0,"2,994"
1346,Fastrack,3.9,90000.0,"1,947"
1347,Maserati,4.6,289000.0,"14,047"
1348,Seiko,4.5,203000.0,"29,700"
1349,Fossil,,,"19,995"
1350,Tommy Hilfiger,3.1,11000.0,"14,136"
1351,Fossil,4.4,2600.0,"6,896"
1352,BENYAR,4.3,555000.0,"2,365"
1353,Fastrack,4.2,3900.0,"1,755"
1354,Titan,4.4,62000.0,"4,999"
1355,French Connection,4.8,5000.0,"10,780"
1356,Diesel,4.3,2300.0,"18,994"
1357,OLEVS,4.0,864000.0,"12,150"
1358,ON TIME OCTUS,3.8,47000.0,579
1359,Fastrack,4.0,203000.0,"1,995"
1360,TIMEX,3.4,6000.0,"4,155"
1361,SWADESI STUFF,3.4,243000.0,229
1362,Casio,4.5,139000.0,"1,795"
1363,Giordano,4.1,35000.0,"4,192"
1364,LONGBO,3.4,40000.0,"1,902"
1365,Armani Exchange,4.5,16000.0,
1366,Daniel Hechter,,,"3,799"
1367,Titan,3.3,8000.0,"7,696"
1368,CRESTELLO,3.6,119000.0,349
1369,V2A,4.1,34000.0,"1,339"
1370,Fastrack,4.2,139000.0,"2,955"
1371,Casio,4.5,16000.0,"5,595"
1372,Fastrack,3.8,37000.0,"1,408"
1373,TIMEWEAR,3.7,422000.0,329
1374,French Connection,,,"5,229"
1375,MSTIANQ,5.0,1000.0,"2,099"
1376,Joker & Witch,4.0,18000.0,948
1377,Titan,3.7,36000.0,"8,021"
1378,Fossil,4.5,85000.0,"20,995"
1379,Casio,4.3,6500.0,"3,595"
1380,Titan,4.2,158000.0,"1,977"
1381,Casio,4.2,39000.0,"13,596"
1382,Sonata,4.6,13000.0,"2,495"
1383,Joker & Witch,3.8,42000.0,"1,281"
1384,EDGE,4.2,19000.0,"15,115"
1385,Sonata,4.0,139000.0,"1,459"
1386,Citizen,4.2,2000.0,"15,800."
1387,Citizen,4.3,27000.0,"17,010"
1388,Tommy Hilfiger,4.0,1000.0,"6,650"
1389,Titan,4.5,38000.0,"15,745"
1390,Shocknshop,4.1,37000.0,426
1391,Shocknshop,3.6,14000.0,473
1392,Q&Q,4.1,473000.0,"4,999"
1393,Armani Exchange,4.3,8000.0,"23,995"
1394,Tommy Hilfiger,4.1,7000.0,"8,369"
1395,Fastrack,4.5,18000.0,"1,794"
1396,Casio,4.2,66000.0,"2,494"
1397,TIMEX,,,"4,595"
1398,Armani Exchange,4.7,30000.0,"9,797"
1399,NAVIFORCE,4.3,557000.0,"2,615"
1400,GUESS,4.6,26000.0,"17,995"
1401,Lacoste,4.6,16000.0,
1402,Acnos,3.9,486000.0,265
1403,unequetrend,4.1,31000.0,349
1404,Casio,4.6,37000.0,"3,515"
1405,Titan,4.0,110000.0,"2,468"
1406,Sonata,4.1,145000.0,724
1407,Tommy Hilfiger,,,"12,499"
1408,TIMEX,4.6,17000.0,"12,589"
1409,Seiko,4.4,57000.0,"40,500"
1410,Titan,3.3,7000.0,"64,994"
1411,Fastrack,4.0,74000.0,"4,720"
1412,RADO Switzerland,3.8,16000.0,"4,999"
1413,Casio,4.2,17000.0,"2,995"
1414,Titan,3.6,22000.0,"7,486"
1415,TIMEX,3.8,23000.0,"5,596"
1416,METSPOT,,,
1417,FANMIS,3.8,96000.0,"1,749"
1418,Casio,4.7,21000.0,"65,994"
1419,Titan,5.0,1000.0,"27,996"
1420,Casio,4.2,17000.0,"38,395"
1421,SWADESI STUFF,3.5,907000.0,249
1422,Generic,3.9,325000.0,349
1423,CERO,3.4,4000.0,375
1424,Fastrack,5.0,2000.0,"6,494"
1425,Tissot(ティソ),1.0,1000.0,
1426,Casio,4.3,301000.0,"8,796"
1427,BINBOND,3.4,11000.0,"4,230"
1428,LONGBO,3.7,293000.0,940
1429,TIMEX,3.9,341000.0,"5,845"
1430,Titan,4.0,19000.0,"5,996"
1431,LOUIS DEVIN,4.0,71000.0,299
1432,GUESS,5.0,2000.0,"4,398"
1433,Giordano,,,"2,770"
1434,Diesel,4.3,38000.0,"34,995"
1435,RATIO,4.4,38000.0,"13,500"
1436,HORIZEN,3.2,23000.0,"2,790"
1437,Titan,4.0,73000.0,"2,636"
1438,TIMEWEAR,5.0,1000.0,699
1439,LOUIS DEVIN,3.7,422000.0,284
1440,Tommy Hilfiger,,,"9,359"
1441,Titan,4.2,37000.0,"2,920"
1442,Swiss Military by Chrono,,,
1443,Fastrack,4.4,39000.0,"2,395"
1444,The Watch Company,5.0,3000.0,"2,399"
1445,TIMEWEAR,3.7,476000.0,329
1446,Giordano,2.4,10000.0,"4,199"
1447,OVERFLY,3.3,4000.0,"2,999"
1448,French Connection,3.4,3000.0,"4,425"
1449,HORAME,4.3,23000.0,999
1450,Fastrack,3.8,498000.0,"5,216"
1451,TIMEX,4.7,4000.0,"11,196"
1452,Hugo Boss,4.2,65000.0,"20,947"
1453,TIMEX,5.0,2000.0,"5,059"
1454,Armani Exchange,4.4,351000.0,"11,494"
1455,Acnos,3.9,274000.0,298
1456,Casio,3.8,6000.0,"12,597"
1457,TIMEWEAR,3.6,4400.0,339
1458,Emporio Armani,5.0,1000.0,"27,995"
1459,GUESS,4.8,10000.0,"11,896"
1460,SF,4.1,1900.0,899
1461,Citizen,4.9,17000.0,"17,765"
1462,LORENZ,3.6,167000.0,367
1463,Generic,,,"2,590"
1464,SKMEI,3.8,460000.0,"1,313"
1465,Sonata,,,"3,845"
1466,Alba,4.4,15000.0,"9,900"
1467,Seiko,4.4,81000.0,"26,100"
1468,Armani Exchange,,,"24,495"
1469,IIK COLLECTION,3.3,192000.0,288
1470,Casio,4.4,79000.0,"2,495"
1471,Titan,4.3,163000.0,"1,660"
1472,LOUIS DEVIN,3.7,757000.0,341
1473,Fossil,,,"18,995"
1474,LIMESTONE,3.8,73000.0,398
1475,Swiss Military Hanowa,5.0,2000.0,"53,130"
1476,United Colors of Benetton,4.8,6000.0,"2,396"
1477,NAVIFORCE,4.1,859000.0,"2,399"
1478,V2A,,,"1,339"
1479,Titan,4.1,136000.0,"2,970"
1480,DOUBLERUN,3.6,121000.0,299
1481,Daniel Hechter,3.9,40000.0,"2,799"
1482,TIMEX,4.2,10000.0,"4,136"
1483,Sonata,4.0,416000.0,967
1484,Tommy Hilfiger,,,"10,800"
1485,Lee Cooper,,,"5,829"
1486,Giordano,3.1,49000.0,"2,499"
1487,French Connection,3.8,8000.0,"6,800"
1488,TIMEX,4.4,122000.0,
1489,DEVIL,4.0,2000.0,378.
1490,TIMEX,4.4,60000.0,"3,415"
1491,ON TIME OCTUS,3.8,82000.0,360
1492,Fiiasa,4.7,5000.0,999
1493,Sonata,4.0,70000.0,844
1494,MF MINI FOCUS,4.5,1300.0,"3,499"
1495,Joker & Witch,4.2,5000.0,934
1496,Kenneth Cole REACTION,3.0,1000.0,"6,079"
1497,Sonata,3.9,582000.0,"1,224."
1498,Sonata,4.0,47000.0,995
1499,Seiko,,,"27,000"
1500,Tommy Hilfiger,,,"16,500"
1501,CRESTELLO,4.0,91000.0,434
1502,Lacoste,4.6,67000.0,"5,320"
1503,French Connection,3.4,6000.0,"5,069"
1504,Titan,4.0,24000.0,"16,720"
1505,Titan,4.2,95000.0,"6,291"
1506,TIMEX,4.6,8000.0,"7,495"
1507,Gute,4.6,8000.0,"4,999"
1508,Sonata,4.4,6000.0,"1,276"
1509,The Watch Company,3.8,4000.0,"1,799"
1510,G-Shock,4.7,34000.0,"15,995"
1511,Daniel Hechter,4.8,5000.0,"2,199"
1512,Fastrack,4.4,85000.0,"3,119"
1513,Casio,3.7,10000.0,"49,995"
1514,SEAKOSS,4.4,18000.0,"30,313"
1515,Acnos,3.7,334000.0,378
1516,OLEVS,3.7,1000.0,"2,970"
1517,GUESS,,,"5,198"
1518,Casio,3.8,10000.0,"5,845"
1519,GUESS,5.0,1000.0,"5,497"
1520,Giordano,4.3,20000.0,"2,699"
1521,TIMEX,3.4,3000.0,"21,995"
1522,Titan,4.2,36000.0,"9,897"
1523,jainx,4.0,193000.0,509
1524,TIMEX,4.8,24000.0,"15,123"
1525,Emporio Armani,4.0,5000.0,"27,995"
1526,Sonata,4.3,83000.0,"1,544"
1527,EDGE,3.1,4000.0,"20,516"
1528,Sylvi,4.0,18000.0,"1,669"
1529,Casio,4.2,31000.0,"2,396"
1530,Fastrack,4.3,1500.0,"1,835"
1531,Fossil,3.3,1600.0,"11,998"
1532,Casio,4.8,17000.0,"8,494"
1533,SKMEI,4.0,2500.0,989
1534,Diesel,5.0,6000.0,"10,197"
1535,Giordano,4.8,8000.0,"4,999"
1536,Avaner,4.1,4500.0,"2,289"
1537,Titan,4.4,14000.0,"16,316"
1538,Sonata,4.0,16000.0,"1,210"
1539,FORSINING,4.2,61000.0,"7,599"
1540,Generic,3.9,6000.0,999
1541,LOUIS DEVIN,3.8,539000.0,434
1542,Sylvi,,,"1,199"
1543,Tommy Hilfiger,3.8,3000.0,"9,559"
1544,Kenneth Cole REACTION,4.6,5000.0,"4,215"
1545,crispy,3.9,12000.0,435.
1546,DOUBLERUN,3.5,59000.0,269
1547,Armani Exchange,4.0,423000.0,"12,594"
1548,Generic,,,"1,999"
1549,Franktime,3.4,41000.0,568
1550,Fastrack,4.3,54000.0,"1,737"
1551,Shocknshop,3.9,47000.0,355
1552,Carlington,3.9,90000.0,"1,798"
1553,KITCONE,3.8,65000.0,995
1554,Bennett,5.0,3000.0,"3,444"
1555,TIMEX,4.4,49000.0,"3,155"
1556,BRUNO MILANO,3.8,26000.0,"3,418"
1557,LOUIS DEVIN,3.9,88000.0,312
1558,Shocknshop,,,498
1559,Titan,4.0,9000.0,
1560,TSAR BOMBA,4.4,1400.0,"20,307"
1561,Police,3.8,3000.0,"17,265."
1562,Generic,4.2,93000.0,599
1563,Sonata,4.3,62000.0,"1,495"
1564,Sonata,4.2,178000.0,"1,199"
1565,Fastrack,5.0,1000.0,"1,424"
1566,Titan,3.1,4000.0,"22,865"
1567,Giordano,5.0,2000.0,"5,152"
1568,FROZIL,3.7,1900.0,280
1569,Sonata,4.0,760000.0,794
1570,Titan,4.1,89000.0,"5,036"
1571,SF,4.1,40000.0,995
1572,Lacoste,4.7,254000.0,"10,000"
1573,Lee Cooper,4.0,1000.0,"2,909"
1574,TIMEWEAR,3.7,2000.0,329
1575,Casio,4.9,14000.0,"8,995"
1576,French Connection,4.6,3000.0,"6,952"
1577,Generic,,,499
1578,Acnos,4.0,238000.0,248
1579,Sonata,4.2,17000.0,"1,595"
1580,CASIO(カシオ),4.2,69000.0,"4,801"
1581,Fossil,4.2,301000.0,"14,495"
1582,Armani Exchange,4.0,95000.0,
1583,Casio,4.2,13000.0,"4,797"
1584,Titan,4.0,123000.0,"3,183"
1585,Sonata,4.1,50000.0,"1,394"
1586,Seiko,4.6,103000.0,"20,700"
1587,Sonata,3.6,23000.0,"1,445"
1588,The Watch Company,4.6,5000.0,"1,999"
1589,Tommy Hilfiger,1.0,1000.0,"12,998"
1590,Titan,2.2,2000.0,"15,925"
1591,Seiko,4.5,39000.0,"28,800"
1592,Armani Exchange,4.6,1100.0,"12,995"
1593,GOLDENIZE FASHION,4.1,62000.0,365
1594,TIMEX,,,"19,995"
1595,French Connection,3.1,19000.0,"5,760."
1596,Acnos,3.8,129000.0,248
1597,Casio,4.4,7000.0,"9,994"
1598,Titan,4.2,37000.0,"6,408"
1599,Sonata,4.5,5000.0,"1,325"
1600,TIMEX,4.6,6000.0,"6,625"
1601,Titan,4.1,206000.0,"2,636"
1602,ALNA-TURA,4.0,2000.0,349
1603,NIBOSI,3.8,1300.0,
1604,Titan,3.0,11000.0,"18,011."
1605,TIMEX,3.8,20000.0,"14,701"
1606,Generic,3.0,2000.0,745
1607,Sonata,4.3,19000.0,"1,595"
1608,GUESS,4.8,8000.0,"10,395"
1609,Fastrack,4.2,20000.0,789
1610,Seiko,4.0,20000.0,"54,000"
1611,Casio,4.1,14000.0,"9,194"
1612,Giordano,3.4,3000.0,"3,499"
1613,Tommy Hilfiger,,,"11,999"
1614,Titan,4.4,9000.0,"8,655"
1615,Lacoste,4.6,156000.0,"5,320"
1616,Casio,4.3,21000.0,"16,994"
1617,Swiss Military Hanowa,,,"82,575"
1618,Generic,,,449
1619,Casio,3.7,7000.0,"8,494"
1620,TIMEX,3.7,27000.0,"7,495"
1621,Casio,3.2,12000.0,"18,396"
1622,LORENZ,3.6,2800.0,399
1623,Fossil,4.1,376000.0,"12,994"
1624,Giordano,3.9,6000.0,"5,399"
1625,SWADESI STUFF,4.1,43000.0,499
1626,Swiss Military Hanowa,,,"1,85,000"
1627,Sonata,3.9,103000.0,925
1628,TUNEUP,3.9,34000.0,"1,352"
1629,Acnos,3.4,125000.0,397
1630,Acnos,4.5,20000.0,310
1631,Seiko,4.2,25000.0,"40,500"
1632,Oblik,,,"11,200"
1633,Fossil,4.6,91000.0,"13,494"
1634,TIMEX,4.4,5000.0,"15,123"
1635,ADAMO,4.0,1300.0,397
1636,FEICE,4.0,98000.0,"8,999"
1637,Tommy Hilfiger,4.2,9000.0,"12,029"
1638,Joker & Witch,3.3,43000.0,887
1639,Sonata,4.1,517000.0,"1,398"
1640,Maserati,,,"50,288."
1641,Giordano,3.8,10000.0,"3,299"
1642,TIMEX,4.3,10000.0,"3,237"
1643,Casio,4.4,493000.0,"5,795"
1644,Titan,4.2,22000.0,"15,915"
1645,Titan,4.1,60000.0,"4,796"
1646,Titan,4.5,2000.0,"11,275"
1647,Sonata,4.0,143000.0,724
1648,A,3.5,236000.0,489
1649,LOUIS DEVIN,3.5,45000.0,276
1650,Giordano,3.3,40000.0,"4,987"
1651,Titan,,,"21,995"
1652,OLEVS,3.9,222000.0,"12,150"
1653,Maserati,4.8,9000.0,"25,128."
1654,Tommy Hilfiger,4.2,37000.0,"15,250"
1655,Fastrack,4.2,187000.0,"1,746"
1656,Tommy Hilfiger,4.2,15000.0,"15,000"
1657,Joker & Witch,3.5,85000.0,777
1658,French Connection,4.4,9000.0,"5,300."
1659,Acnos,4.5,31000.0,255
1660,Generic,,,349
1661,Lee Cooper,,,"4,237"
1662,Fossil,4.8,11000.0,"13,495"
1663,Tommy Hilfiger,5.0,2000.0,"13,599"
1664,NAVIFORCE,4.1,32000.0,"2,489"
1665,Fastrack,4.4,66000.0,"1,955"
1666,Joker & Witch,5.0,4000.0,999
1667,Joker & Witch,3.6,30000.0,999
1668,Sylvi,4.2,192000.0,"2,019"
1669,jainx,4.0,280000.0,597
1670,Titan,4.2,23000.0,"17,620"
1671,Acnos,3.9,63000.0,336
1672,Giordano,4.0,42000.0,"5,199"
1673,Citizen,,,"17,910"
1674,Sonata,5.0,1000.0,"1,395"
1675,Sonata,4.4,115000.0,"1,395"
1676,TIMEX,5.0,2000.0,"18,495"
1677,Fossil,3.5,30000.0,"10,146"
1678,Acnos,4.1,19000.0,255
1679,Emporio Armani,1.0,1000.0,"27,995"
1680,Fossil,4.5,10000.0,"14,494"
1681,Titan,4.3,1000.0,"2,635"
1682,Mathey-Tissot,4.1,39000.0,"18,800"
1683,TIMEX,4.0,1000.0,"5,845"
1684,Fastrack,4.3,17000.0,"2,394"
1685,Matrix,3.8,645000.0,233
1686,Police,4.2,8000.0,"12,629"
1687,IIK COLLECTION,3.5,659000.0,465
1688,Zoop,4.4,242000.0,882.
1689,Casio,4.4,14000.0,"4,395"
1690,Armani Exchange,4.1,6000.0,"15,995"
1691,Sonata,4.2,60000.0,"1,544"
1692,Sonata,4.2,56000.0,998
1693,EDGE,4.5,6000.0,"13,595"
1694,senstone,3.9,46000.0,"2,375"
1695,GUESS,5.0,2000.0,"7,497"
1696,Titan,4.2,55000.0,"12,428"
1697,Carlton London,3.0,22000.0,"3,184"
1698,Xylys,4.6,3000.0,"9,780."
1699,Casio,4.5,646000.0,"2,195"
1700,Lee Cooper,3.0,4000.0,"5,440"
1701,GUESS,4.5,93000.0,"10,395"
1702,HAXIWA,2.0,2000.0,"1,799"
1703,Generic,4.1,6000.0,469.
1704,V2A,4.2,324000.0,940
1705,Versace,,,"99,260"
1706,Generic,,,499
1707,V2A,3.6,162000.0,711
1708,Sonata,4.2,15000.0,"2,194"
1709,ON TIME OCTUS,4.4,8000.0,599
1710,FORSINING,3.9,376000.0,"5,999"
1711,TISSOT,,,"33,800"
1712,TIMEWEAR,3.7,509000.0,299
1713,Titan,4.2,10000.0,"3,156"
1714,Casio,4.6,231000.0,"1,377"
1715,Fossil,4.3,104000.0,"26,995"
1716,TIMEX,3.9,44000.0,"2,277"
1717,Generic,3.4,40000.0,398
1718,Titan,4.0,1700.0,"2,800"
1719,Casio,4.6,3000.0,"17,995"
1720,Joker & Witch,3.7,9000.0,"1,423"
1721,Tommy Hilfiger,4.3,26000.0,"8,875"
1722,ZOVUTA,4.0,20000.0,418
1723,GUESS,4.5,2000.0,"5,598"
1724,Sonata,4.7,13000.0,"1,795"
1725,CARNAER,5.0,2000.0,"1,590"
1726,Seiko,4.3,170000.0,"40,500"
1727,Tommy Hilfiger,4.6,13000.0,"15,998"
1728,Fossil,4.7,26000.0,
1729,DOUBLERUN,3.6,30000.0,399
1730,Victorinox,5.0,2000.0,"57,600"
1731,ON TIME OCTUS,4.4,6000.0,599
1732,OLEVS,4.4,34000.0,"5,220"
1733,Casio,3.6,4000.0,"5,995"
1734,XTIME,4.4,17000.0,319
1735,Haiqin,4.5,34000.0,"9,899"
1736,AMERICANVIBER,4.0,1000.0,463.
1737,The Shopoholic,3.6,382000.0,325
1738,Michael Kors,4.7,12000.0,"22,995"
1739,Giordano,4.8,9000.0,"2,758"
1740,Sonata,4.8,13000.0,"1,994"
1741,Diesel,4.1,2400.0,"20,495"
1742,Titan,3.6,25000.0,"20,795"
1743,Titan,4.5,14000.0,"3,271"
1744,Sonata,4.5,8000.0,"2,396"
1745,TIMEX,4.1,29000.0,"5,525"
1746,Titan,4.6,3000.0,"6,995"
1747,Tommy Hilfiger,,,"10,579"
1748,Emporio Armani,,,"27,995"
1749,Sonata,4.1,146000.0,"1,780"
1750,TIMEX,4.1,2000.0,"2,618"
1751,Acnos,3.9,1500.0,259
1752,TIKORRA,5.0,1000.0,341
1753,French Connection,5.0,2000.0,"4,899"
1754,Shocknshop,3.8,20000.0,426
1755,Tommy Hilfiger,,,"12,799"
1756,NAVIFORCE,4.2,453000.0,"2,121"
1757,Lacoste,4.4,8000.0,
1758,Tommy Hilfiger,,,"15,998"
1759,NAVIFORCE,4.2,51000.0,"2,695"
1760,V2A,4.7,7000.0,"1,499"
1761,Michael Kors,5.0,2000.0,"22,995"
1762,Sonata,4.7,4000.0,896
1763,Michael Kors,4.4,55000.0,"12,947"
1764,SKMEI,4.3,421000.0,"1,115"
1765,NAVIFORCE,4.3,939000.0,"3,090"
1766,Seiko(セイコー),,,"40,000"
1767,EXTREME,5.0,1000.0,"8,990"
1768,Sonata,,,"5,195"
1769,CERO,3.6,78000.0,345
1770,Tommy Hilfiger,,,"12,500"
1771,Casio,4.1,253000.0,"10,995"
1772,Sonata,3.9,16000.0,779
1773,Fossil,4.8,145000.0,"22,995"
1774,Sonata,4.1,227000.0,"2,394"
1775,Titan,4.6,9000.0,"11,451"
1776,Generic,,,749
1777,Sonata,,,"1,495"
1778,Titan,3.5,9000.0,"6,655"
1779,RATIO,4.6,250000.0,"13,500"
1780,KENNETH COLE,1.0,1000.0,"18,324."
1781,Armani Exchange,4.6,108000.0,"19,995"
1782,Titan,3.9,25000.0,"5,795"
1783,Franktime,,,799
1784,XTIME,4.0,17000.0,219
1785,REWARD,,,"3,517"
1786,Sonata,4.3,552000.0,955
1787,EDGE,4.4,5000.0,"11,196"
1788,Giordano,3.6,46000.0,"3,799"
1789,Titan,5.0,3000.0,"14,246"
1790,Giordano,5.0,2000.0,"3,299"
1791,Casio,5.0,1000.0,"10,995"
1792,Fastrack,4.1,190000.0,"2,556"
1793,SKMEI,,,"1,313"
1794,ALTURA,3.9,17000.0,"2,490"
1795,Reaction by Kenneth Cole,,,"3,391"
1796,KENNETH COLE,4.5,8000.0,"18,750"
1797,Mathey-Tissot,,,"18,200"
1798,Shocknshop,3.8,214000.0,403
1799,Tommy Hilfiger,5.0,2000.0,"8,400"
1800,OLEVS,4.3,965000.0,"3,040"
1801,Sonata,4.3,19000.0,"1,795"
1802,Police,3.8,5000.0,"17,600"
1803,GUESS,5.0,2000.0,"4,798"
1804,Sonata,,,"5,194"
1805,Sonata,4.0,109000.0,"1,724"
1806,Police,3.9,9000.0,"23,000"
1807,Titan,3.7,28000.0,"11,196"
1808,Foce,5.0,1000.0,"3,412"
1809,EDGE,4.2,48000.0,"11,495"
1810,Sonata,4.6,3000.0,"3,744"
1811,Fastrack,4.0,1400.0,"2,096"
1812,OLEVS,4.8,8000.0,"7,182"
1813,NAVIFORCE,4.4,2600.0,"3,153"
1814,Fastrack,4.3,19000.0,"7,745"
1815,SWADESI STUFF,3.6,1200.0,349
1816,Fastrack,4.3,19000.0,"1,793"
1817,Sonata,4.7,6000.0,"2,309"
1818,Titan,4.2,20000.0,"5,596"
1819,Daniel Hechter,4.1,6000.0,"2,776"
1820,LIGE,4.0,617000.0,"3,099"
1821,Acnos,4.0,201000.0,248
1822,Tommy Hilfiger,3.6,14000.0,"8,699"
1823,Casio,4.4,11000.0,"2,277"
1824,Tommy Hilfiger,,,"12,799"
1825,Titan,4.3,429000.0,"1,795"
1826,Emporio Armani,4.4,1900.0,"16,095"
1827,KENNETH COLE,5.0,2000.0,"25,999"
1828,GOLDENIZE FASHION,4.2,82000.0,749
1829,Titan,5.0,4000.0,"5,495"
1830,SF,4.0,9500.0,548
1831,Fastrack,4.0,185000.0,"4,315"
1832,French Connection,,,"5,735"
1833,SELLORIA,3.1,6000.0,193
1834,Police,3.1,6000.0,"12,771."
1835,TIMEX,4.1,671000.0,"1,977"
1836,VILAM,3.9,44000.0,799
1837,Seiko,4.6,169000.0,"24,300"
1838,Sylvi,3.9,158000.0,"1,549"
1839,Sonata,4.3,14000.0,"3,945"
1840,Citizen,4.6,136000.0,"40,410"
1841,Sonata,4.3,75000.0,"1,225"
1842,Casio,4.3,271000.0,"2,495"
1843,Giordano,4.2,11000.0,"5,299"
1844,FEICE,4.0,14000.0,"6,999"
1845,Tommy Hilfiger,5.0,2000.0,"10,624"
1846,Dezine,3.4,38000.0,474
1847,FORSINING,3.9,4600.0,"2,799"
1848,Sonata,4.2,377000.0,"1,774"
1849,Maserati,4.0,13000.0,"20,149"
1850,Citizen,4.7,2000.0,"34,110"
1851,Sonata,,,"1,196"
1852,LOUIS DEVIN,3.6,347000.0,331
1853,Sonata,3.8,22000.0,"1,196"
1854,KENNETH COLE,,,"25,999"
1855,Fastrack,4.2,17000.0,"2,094"
1856,Michael Kors,4.8,6000.0,"14,347"
1857,PINTIME,4.0,10000.0,"7,923"
1858,French Connection,,,"6,864"
1859,TISSOT,,,"45,000"
1860,TIMEWEAR,3.6,311000.0,279
1861,Shocknshop,3.7,89000.0,426
1862,Gute,3.8,1100.0,"2,899"
1863,Fossil,4.4,20000.0,"7,995"
1864,Acnos,3.4,88000.0,325
1865,Sylvi,4.0,1000.0,"2,029"
1866,Diesel,4.9,33000.0,"24,495"
1867,AMERICANVIBER,5.0,8000.0,388.
1868,Fossil,4.3,4000.0,"14,495"
1869,GUESS,4.3,875000.0,"9,095"
1870,Sonata,4.2,1200.0,649
1871,Sonata,3.8,19000.0,894
1872,Citizen,4.6,27000.0,"40,410"
1873,Fossil,,,"19,995"
1874,TIMEX,4.2,231000.0,"4,495"
1875,Maserati,4.2,68000.0,"22,214"
1876,REDUX,3.4,408000.0,422
1877,WISEWALKER,,,699
1878,Armani Exchange,3.8,20000.0,"10,497"
1879,RollsTimi,4.4,602000.0,
1880,LOUIS DEVIN,3.5,82000.0,341
1881,Fossil,4.3,5000.0,"14,495"
1882,Casio,4.1,113000.0,"4,995"
1883,OVERFLY,,,"2,999"
1884,Titan,3.5,34000.0,949.
1885,Sylvi,3.8,194000.0,"1,649"
1886,ON TIME OCTUS,5.0,1000.0,759
1887,Fossil,4.4,2500.0,"14,495"
1888,ADAMO,4.3,2000.0,697
1889,Carlington,3.7,39000.0,948
1890,Tommy Hilfiger,4.0,15000.0,"14,250"
1891,Seiko,4.4,54000.0,"20,700"
1892,TIMEWEAR,3.9,198000.0,319
1893,French Accent,,,679
1894,SOLLEN,4.1,25000.0,"3,121"
1895,Fossil,4.1,131000.0,"14,495"
1896,Fastrack,4.3,59000.0,959
1897,TIMEX,4.3,149000.0,"2,895"
1898,Oculus,,,599
1899,Fastrack,3.7,25000.0,"1,183"
1900,French Connection,,,"2,955"
1901,Titan,4.4,24000.0,"16,236"
1902,Titan,4.0,6000.0,"19,994"
1903,SF,4.1,646000.0,"1,099"
1904,SELLORIA,3.6,854000.0,162
1905,SWADESI STUFF,3.4,1100.0,229
1906,Sonata,3.4,5000.0,996
1907,ON TIME OCTUS,3.4,8000.0,855
1908,Time Up,4.2,159000.0,499
1909,LONGBO,3.5,45000.0,806
1910,GUESS,5.0,2000.0,"16,796"
1911,Relish,4.2,57000.0,579
1912,Fastrack,4.0,60000.0,"2,955"
1913,TIMEX,3.7,37000.0,"3,286"
1914,ALNA-TURA,3.6,15000.0,360
1915,Lacoste,4.4,74000.0,"8,369"
1916,CrepeS,3.4,11000.0,"2,880"
1917,Fossil,4.0,1000.0,"11,995"
1918,FORSINING,3.5,61000.0,"3,153"
1919,AGELOCER,5.0,3000.0,"86,152"
1920,Sonata,4.2,397000.0,"1,424"
1921,GLENAW,4.6,9000.0,"5,777"
1922,Giordano,5.0,1000.0,"2,580"
1923,Fastrack,5.0,2000.0,"2,695"
1924,Casio,4.7,4000.0,"8,995"
1925,Sonata,,,"3,445"
1926,Casio,4.1,7000.0,"7,995"
1927,TIMEX,4.4,17000.0,"4,995"
1928,Generic,3.8,129000.0,257
1929,Casio,4.0,8000.0,"14,395"
1930,Titan,4.2,22000.0,"8,555"
1931,Fossil,3.7,17000.0,"14,495"
1932,Generic,,,449
1933,Krolexe,,,349
1934,Fastrack,4.0,29000.0,"1,709"
1935,VIN,3.5,7000.0,274
1936,G-Shock,5.0,2000.0,"47,995"
1937,Generic,3.5,7000.0,341.
1938,Invicta,,,"7,830"
1939,Acnos,5.0,8000.0,255
1940,Evelyn,3.1,31000.0,379
1941,Police,2.9,11000.0,"7,004."
1942,Armani Exchange,,,"14,495"
1943,Fastrack,4.1,52000.0,"3,209"
1944,OLEVS,3.5,211000.0,"3,220"
1945,Generic,2.9,6000.0,499
1946,Fastrack,4.0,23000.0,"2,093"
1947,KENNETH COLE,4.6,6000.0,"8,249"
1948,jainx,3.7,215000.0,251.
1949,Generic,4.5,2000.0,"1,499"
1950,ON TIME OCTUS,4.2,13000.0,396
1951,Fossil,,,"26,995"
1952,Casio,3.6,4000.0,"3,835"
1953,Generic,,,499
1954,Acnos,3.6,274000.0,348
1955,Axlyn,3.5,17000.0,349.
1956,Carlington,3.5,34000.0,"1,613"
1957,GUESS,5.0,6000.0,"9,096"
1958,Sonata,4.6,12000.0,"1,595"
1959,FANMIS,4.2,7000.0,"6,761"
1960,Generic,3.8,19000.0,459
1961,Citizen,4.9,25000.0,"28,710"
1962,FORSINING,3.7,437000.0,"4,239"
1963,Swiss Military Hanowa,,,"89,250"
1964,Generic,,,600
1965,Titan,4.4,126000.0,"8,861"
1966,Rabela,,,599
1967,Generic,,,599
1968,Sylvi,4.4,79000.0,"1,779"
1969,OLEVS,4.2,517000.0,"3,040"
1970,Fastrack,4.3,70000.0,"1,197"
1971,Titan,,,"13,770"
1972,Acnos,3.6,249000.0,535
1973,TISSOT,,,"44,700"
1974,TISSOT,,,"81,000"
1975,Fastrack,4.1,1500.0,"1,756"
1976,SWISSTONE,3.8,333000.0,310
1977,TIMEX,4.3,64000.0,"6,488"
1978,Joker & Witch,4.0,14000.0,"1,674"
1979,TIMEX,4.7,12000.0,"2,936"
1980,Sonata,4.2,57000.0,927
1981,Sonata,3.8,165000.0,"1,151"
1982,Titan,4.6,13000.0,"6,892"
1983,Mikado,,,
1984,OLEVS,3.6,467000.0,"3,420"
1985,SF,,,995
1986,Fossil,4.2,72000.0,"21,994"
1987,GUESS,4.5,23000.0,"5,997"
1988,Titan,4.4,17000.0,"5,833"
1989,ROUNKIN,4.5,195000.0,"2,516."
1990,DZH,,,495
1991,LONGBO,3.8,517000.0,941
1992,Sonata,3.6,292000.0,"2,299"
1993,CARNAER,4.0,6000.0,"1,690"
1994,Fossil,3.6,10000.0,"19,495"
1995,HORAME,3.8,6000.0,"2,999"
1996,Victorinox,5.0,2000.0,"57,600"
1997,Daniel Wellington,3.6,14000.0,"11,399"
1998,Casio,,,"2,796"
1999,French Connection,,,"5,340"
2000,Mathey-Tissot,5.0,1000.0,"67,000"
2001,TIMEX,5.0,2000.0,"4,497"
2002,Fossil,4.1,409000.0,"13,494"
2003,Sonata,3.9,27000.0,"1,795"
2004,Sonata,,,"7,795"
2005,Michael Kors,5.0,3000.0,"20,495"
2006,Joker & Witch,3.1,9000.0,948
2007,Citizen,4.7,9000.0,"19,710"
2008,G-Shock,5.0,6000.0,"53,999"
2009,Giordano,3.6,3000.0,"9,239"
2010,FEICE,4.0,42000.0,"26,999"
2011,MOONVIK,,,499
2012,Fossil,4.3,18000.0,"11,995"
2013,ZuBuBoo,,,498
2014,Strot,,,"2,200"
2015,Casio,3.5,5000.0,"2,586"
2016,Giordano,,,"3,999"
2017,Sonata,,,"4,344"
2018,Sonata,4.6,9000.0,"1,418"
2019,Acnos,4.6,16000.0,336
2020,Sonata,4.1,88000.0,"1,420"
2021,KENNETH COLE,,,"21,999"
2022,DANIEL KLEIN,3.6,472000.0,"2,970"
2023,Oculus,,,499
2024,MVMT,4.8,5000.0,"7,055"
2025,TIMEX,3.9,9000.0,"10,291"
2026,Fastrack,4.2,781000.0,"1,721"
2027,Acnos,4.3,19000.0,255
2028,Sonata,4.0,5000.0,"1,795"
2029,Titan,4.4,21000.0,"13,894"
2030,Titan,4.8,22000.0,"6,396"
2031,Tommy Hilfiger,4.2,18000.0,"17,000"
2032,Fastrack,4.3,104000.0,"2,295"
2033,Giordano,3.4,7000.0,"3,699"
2034,Michael Kors,4.6,469000.0,"24,495"
2035,Fossil,4.8,12000.0,"13,495"
2036,Fastrack,4.2,90000.0,"2,246"
2037,Diesel,4.4,6000.0,"36,995"
2038,TIKORRA,,,"49,971"
2039,Titan,4.8,7000.0,"5,845"
2040,Fossil,4.6,925000.0,"12,995"
2041,Acnos,3.6,6100.0,348
2042,TIMEX,4.6,3000.0,"14,995"
2043,BOSS,5.0,9000.0,"22,425"
2044,TISSOT,5.0,2000.0,"54,000"
2045,Sonata,3.5,14000.0,"2,994"
2046,Walrus,4.0,90000.0,325
2047,Armani Exchange,4.0,14000.0,"15,994"
2048,Titan,5.0,3000.0,"9,971"
2049,Seiko(セイコー),,,"42,000"
2050,Sonata,4.5,4000.0,"1,595"
2051,Emporio Armani,4.4,25000.0,"27,994"
2052,Titan,4.1,11000.0,"14,845"
2053,Invicta,5.0,12000.0,"7,999"
2054,Emporio Armani,4.5,9000.0,"19,596"
2055,WIZARD TIMES,4.1,11000.0,277
2056,French Connection Black SUNRAY Dial | Analog Watch For Men's | FCN0171SM,,,"1,584"
2057,Carlton London,,,"5,759"
2058,Seiko,4.0,39000.0,"28,800"
2059,Giordano,4.4,22000.0,"3,299"
2060,FORSINING,3.6,371000.0,"5,611."
2061,Carlton London,3.4,8000.0,"2,990"
2062,Titan,4.2,45000.0,"18,419"
2063,SKMEI,2.9,23000.0,"1,567"
2064,SWADESI STUFF,3.4,35000.0,299
2065,Giomex,3.3,4000.0,389
2066,OLEVS,4.2,1000.0,"5,759"
2067,Tommy Hilfiger,,,
2068,KENNETH COLE,,,"15,739."
2069,TIMEX,4.1,18000.0,"9,095"
2070,Victorinox,5.0,5000.0,"32,470"
2071,Swiss Military Hanowa,5.0,2000.0,"64,308"
2072,Sonata,2.9,31000.0,894
2073,Joker & Witch,3.5,10000.0,"1,423"
2074,Emporio Armani,4.5,2000.0,"18,897"
2075,Fastrack,3.5,6000.0,"5,994"
2076,Michael Kors,,,"36,995"
2077,Titan,4.3,12000.0,"7,451"
2078,Tommy Hilfiger,3.9,2000.0,"7,612"
2079,Sonata,4.4,15000.0,"1,495"
2080,Tommy Hilfiger,2.9,3000.0,"11,474"
2081,Pagani Design,4.1,187000.0,"9,844"
2082,SF,3.6,32000.0,"2,096"
2083,TIMEX,5.0,1000.0,"6,597"
2084,Casio,3.7,4000.0,"6,495"
2085,Tommy Hilfiger,,,"12,990"
2086,XTIME,3.8,64000.0,359
2087,Casio,4.5,16000.0,"8,495"
2088,Sonata,4.1,8000.0,"1,709"
2089,Giordano,4.0,2000.0,"3,999"
2090,Tommy Hilfiger,,,"16,880"
2091,Titan,4.5,42000.0,"10,749"
2092,Armitron,4.4,1900.0,"6,824"
2093,LOREM,1.0,1000.0,449
2094,Citizen,4.6,3000.0,"20,400"
2095,Versace,,,
2096,SWADESI STUFF,3.7,6100.0,299
2097,Motu Gaju,4.2,8000.0,269
2098,SF,4.0,929000.0,"2,899"
2099,Police,5.0,1000.0,"7,031."
2100,TISSOT,5.0,1000.0,"70,900"
2101,Sonata,3.7,19000.0,774
2102,CHARLIEKEEN,3.8,39000.0,243
2103,Emporio Armani,4.4,1000.0,"19,597"
2104,The Shopoholic,,,499
2105,Generic,,,499
2106,Armani Exchange,4.1,315000.0,"9,595"
2107,PAPIO,3.3,10000.0,"1,234"
2108,Fossil(フォッシル),,,"11,196"
2109,Racnos,,,489
2110,Tommy Hilfiger,,,"9,250"
2111,SF,4.2,1300.0,724
2112,Emporio Armani,,,"26,995"
2113,Acnos,3.3,481000.0,344
2114,Sonata,4.1,45000.0,722
2115,Tommy Hilfiger,2.9,2000.0,"15,599"
2116,Citizen,4.2,17000.0,"37,709"
2117,Fastrack,4.8,29000.0,"2,012"
2118,MVMT,4.3,133000.0,"7,056"
2119,Titan,,,"10,075"
2120,jainx,3.7,70000.0,555
2121,Casio,,,"14,796"
2122,Maserati,4.0,63000.0,"19,003"
2123,Tommy Hilfiger,,,"6,800"
2124,TIMEX,,,"10,995"
2125,TIMEX,5.0,1000.0,"5,455"
2126,PAPIO,2.7,8000.0,"1,424"
2127,Sonata,4.5,10000.0,"1,325"
2128,Michael Kors,4.2,8000.0,"16,097"
2129,Kenneth Cole REACTION,4.0,4000.0,"5,225"
2130,Citizen,4.4,1300.0,"9,810"
2131,Emporio Armani,4.4,1000.0,"26,995"
2132,Tommy Hilfiger,,,"15,500"
2133,French Connection,,,"3,386"
2134,V2A,4.0,1900.0,807
2135,Maserati,4.6,81000.0,"22,214"
2136,Tommy Hilfiger,,,"6,800"
2137,Armani Exchange,5.0,3000.0,"19,995"
2138,Fastrack,4.4,4000.0,895
2139,Fastrack,5.0,4000.0,"6,395"
2140,Talgo,3.7,4000.0,199
2141,HMXT,3.7,62000.0,529
2142,NIBOSI,4.1,67000.0,"2,460"
2143,Casio,3.9,136000.0,"19,995"
2144,Emporio Armani,4.2,5000.0,"27,997"
2145,Generic,3.7,11000.0,280.
2146,TIMEX,4.3,24000.0,"13,857"
2147,AMERICANVIBER,3.4,4000.0,428
2148,MF MINI FOCUS,4.4,160000.0,"4,799"
2149,KENNETH COLE,,,"19,998"
2150,Titan,,,"19,995"
2151,Talgo,3.6,24000.0,199
2152,Michael Kors,4.7,844000.0,"24,495"
2153,Fastrack,4.2,287000.0,"1,995"
2154,Shocknshop,3.4,16000.0,426
2155,Fastrack,3.6,7000.0,805
2156,Maxima,,,419.
2157,KENNETH COLE,,,"23,995"
2158,GOLDENIZE FASHION,3.8,119000.0,275
2159,Fastrack,4.0,508000.0,"1,795"
2160,EVRGLOW,3.9,72000.0,327
2161,Imperial Club,3.3,1300.0,622
2162,Swiss Military by Chrono,5.0,1000.0,"32,274"
2163,SWISSTYLE,3.5,108000.0,616
2164,OPK,4.3,87000.0,"3,000"
2165,Titan,4.4,94000.0,"4,196"
2166,TIMEX,5.0,1000.0,"4,077"
2167,Titan,2.7,3000.0,"16,570"
2168,VTAIGE,4.0,44000.0,"5,052"
2169,TIMEX,4.6,52000.0,"14,495"
2170,Fastrack,4.4,195000.0,"2,636"
2171,Maserati,4.8,15000.0,"22,214"
2172,Titan,3.2,8000.0,"7,140"
2173,Police,4.8,5000.0,"18,549"
2174,Fossil,3.9,19000.0,"19,995"
2175,Casio,4.7,3000.0,"2,277"
2176,AMERICANVIBER,,,449
2177,Generic,,,449
2178,Generic,,,
2179,AXTON,,,399
2180,Fastrack,4.4,463000.0,"2,386"
2181,Guess Watches,5.0,1000.0,"53,995"
2182,ZAMBET,3.0,5000.0,"2,799"
2183,Casio,4.4,11000.0,"5,995"
2184,Diesel,5.0,6000.0,"10,197"
2185,Michael Kors,4.4,9000.0,"16,097"
2186,Tornado,4.3,6000.0,"9,204"
2187,Titan,3.8,13000.0,"8,995"
2188,Fossil,5.0,1000.0,"15,995"
2189,IIK COLLECTION,3.4,407000.0,469
2190,Fastrack,4.1,14000.0,"2,236"
2191,Fossil,,,"9,000"
2192,Sonata,3.0,1000.0,974.
2193,SOLLEN,4.5,6000.0,"2,699"
2194,Casio,,,"8,095"
2195,Generic,,,"1,600"
2196,LIMESTONE,4.1,50000.0,349
2197,AEKDO,,,399
2198,FORSINING,3.4,9000.0,"3,685"
2199,Citizen,4.4,73000.0,"11,600"
2200,Matrix,3.4,530000.0,248
2201,Sonata,4.0,65000.0,"1,433."
2202,GUESS,5.0,1000.0,"9,042"
2203,Lee Cooper,5.0,1000.0,"4,772."
2204,adidas,,,"4,795"
2205,SWADESI STUFF,3.5,515000.0,699
2206,Lee Cooper,5.0,1000.0,"5,385"
2207,Fastrack,4.9,11000.0,"1,425"
2208,Fastrack,4.7,12000.0,"3,694"
2209,Casio,5.0,15000.0,"8,397"
2210,Fastrack,4.5,10000.0,"2,995"
2211,ASGARD,3.3,601000.0,349
2212,French Connection,,,"8,738"
2213,Generic,3.2,73000.0,649
2214,Generic,,,399
2215,Titan,3.9,16000.0,"6,715"
2216,RIDIQA,3.5,258000.0,371
2217,Honmin,,,"1,869"
2218,Giordano,,,"4,099"
2219,Acnos,4.0,128000.0,248
2220,SOLLEN,3.8,12000.0,"3,599"
2221,Seiko,3.5,15000.0,"46,800"
2222,OLEVS,4.1,282000.0,"3,420"
2223,Tissot(ティソ),,,"39,700"
2224,TIMEX,,,"27,995"
2225,Casio,3.7,16000.0,"17,595"
2226,TIMEX,,,"19,495"
2227,Titan,4.2,177000.0,"3,446"
2228,DANIEL KLEIN,,,"9,400"
2229,Sonata,3.6,11000.0,"1,367"
2230,adidas,,,"4,795"
2231,Joker & Witch,3.6,50000.0,999
2232,Swiss Military Hanowa,,,"80,850"
2233,NAVIFORCE,3.2,5000.0,"2,453"
2234,Sonata,4.2,115000.0,"2,086"
2235,Gute,4.2,88000.0,"8,999"
2236,V2A,4.0,1500.0,807
2237,Sonata,4.2,59000.0,"4,194"
2238,MENIFLEX,,,"1,999"
2239,Michael Kors,,,"11,998"
2240,AUREX,1.0,1000.0,409
2241,Giordano,2.2,4000.0,"2,662"
2242,Kenneth Cole REACTION,5.0,1000.0,"6,779"
2243,Giordano,3.8,53000.0,"2,254"
2244,Sonata,4.2,4900.0,"1,775"
2245,Tissot(ティソ),,,"55,250"
2246,DANIEL KLEIN,4.2,29000.0,
2247,Royalex,5.0,1000.0,"3,950"
2248,Franktime,2.4,7000.0,599
2249,OLEVS,3.7,645000.0,"3,420"
2250,VELURA,,,"1,793"
2251,Sonata,3.0,2000.0,"5,994"
2252,Sonata,4.1,20000.0,"1,594"
2253,LIMESTONE,3.7,4000.0,339
2254,TIMEX,4.1,82000.0,"5,395"
2255,GIFFEMANS,,,
2256,Maserati,4.9,12000.0,"30,925."
2257,TIMEX,4.6,5000.0,"3,036"
2258,AROA,,,399
2259,CRESTELLO,3.5,116000.0,399
2260,AROA,1.0,1000.0,399
2261,Generic,,,399
2262,Generic,,,399
2263,LORENZ,,,399
2264,AROA,,,399
2265,Time Up,2.6,34000.0,445
2266,Giordano,4.4,8000.0,"2,696"
2267,NIBOSI,4.0,175000.0,"2,590"
2268,Joker & Witch,3.4,74000.0,891
2269,TIMEX,4.1,20000.0,"11,323"
2270,French Connection,3.5,9000.0,
2271,Racnos,5.0,4000.0,467.
2272,Walrus,,,396
2273,Citizen,4.0,26000.0,"20,315"
2274,Giordano,3.4,5000.0,"2,679"
2275,Sonata,4.4,52000.0,"5,494"
2276,HMT,3.9,4000.0,"2,050"
2277,METSPOT,,,349
2278,Aglance,3.9,117000.0,277
2279,Fastrack,4.3,98000.0,780
2280,Sonata,5.0,1000.0,"8,795"
2281,HAVELOCK,3.6,479000.0,419
2282,Fastrack,4.3,13000.0,"1,995"
2283,INDIAN E-COMMERCE,,,"11,499"
2284,Maserati,4.7,4000.0,"28,930"
2285,Giordano,4.6,16000.0,"4,180"
2286,The Shopoholic,3.9,86000.0,399
2287,Fastrack,4.5,68000.0,"2,093"
2288,NIBOSI,3.7,160000.0,"2,590"
2289,Fossil,,,"12,993"
2290,Titan,4.0,28000.0,"3,362"
2291,Titan,5.0,2000.0,"4,136"
2292,Sonata,4.7,10000.0,"3,194"
2293,Daniel Hechter,4.3,15000.0,"2,399"
2294,Armani Exchange,,,"15,995"
2295,Citizen,4.4,59000.0,"42,210"
2296,Matrix,3.8,463000.0,283
2297,Generic,,,499
2298,Matrix,,,399
2299,INDIAN E-COMMERCE,5.0,1000.0,"12,799"
2300,Mister Empire,4.2,21000.0,449
2301,Generic,,,381
2302,Michael Kors,1.0,1000.0,"22,995"
2303,Tommy Hilfiger,4.2,37000.0,"16,399"
2304,Sylvi,4.1,31000.0,"1,569"
2305,Shocknshop,3.7,184000.0,426
2306,GUESS,4.0,9000.0,"13,596"
2307,Emporio Armani,,,"26,995"
2308,OVERFLY,3.8,4000.0,"3,248"
2309,Sonata,4.4,12000.0,"1,775"
2310,Fastrack,4.2,52000.0,"4,475"
2311,Sonata,4.2,31000.0,"2,076"
2312,DOUBLERUN,3.9,102000.0,399
2313,TIMEX,4.1,17000.0,"3,446"
2314,Sonata,4.1,76000.0,"1,924"
2315,Titan,4.1,34000.0,"7,812"
2316,Maserati,4.2,29000.0,"24,029"
2317,Acnos,4.1,27000.0,255
2318,Seiko,5.0,1000.0,"31,500"
2319,Casio,3.5,16000.0,
2320,Diesel,5.0,3000.0,"22,494"
2321,TIMEX,5.0,1000.0,"10,995"
2322,Citizen,4.1,54000.0,"16,981"
2323,Tommy Hilfiger,,,"8,479"
2324,Titan,4.3,9000.0,"7,660"
2325,HAXIWA,5.0,1000.0,"1,599"
2326,Sonata,3.5,12000.0,"3,194"
2327,SWADESI STUFF,3.1,46000.0,348
2328,Titan,,,"18,095"
2329,Casio,,,"19,795"
2330,Tommy Hilfiger,4.2,13000.0,"7,199"
2331,ICE STAR,4.6,151000.0,"8,089"
2332,RATIO,4.4,271000.0,"17,500"
2333,TIMEX,5.0,2000.0,"15,123"
2334,Titan,3.7,13000.0,"15,211"
2335,Casio,4.4,14000.0,"7,994"
2336,Swiss Military Hanowa,4.2,7000.0,"46,796"
2337,Sonata,3.8,5000.0,"4,544"
2338,Infantry,4.2,772000.0,"3,505."
2339,V2A,4.5,5000.0,"1,589"
2340,Maserati,3.6,3000.0,"24,029"
2341,TIMEX,,,"14,995"
2342,Giordano,3.0,4000.0,"7,499"
2343,Sonata,4.4,15000.0,"1,959"
2344,TIMEX,,,"4,795"
2345,CRESTELLO,3.4,15000.0,339
2346,Titan,2.8,2000.0,"13,575"
2347,GOLDENIZE FASHION,,,299
2348,Tommy Hilfiger,,,"19,900"
2349,Fossil,4.6,5100.0,"14,494"
2350,Casio,4.0,62000.0,"3,996"
2351,Fastrack,4.3,877000.0,"1,721"
2352,RATIO,4.3,52000.0,"9,500"
2353,Swiss Military Hanowa,5.0,1000.0,"36,750"
2354,Generic,,,299
2355,GUESS,4.5,25000.0,"9,745"
2356,United Colors of Benetton,5.0,2000.0,"3,996"
2357,Tommy Hilfiger,1.0,1000.0,"13,649"
2358,Chronorex,2.9,13000.0,575.
2359,KENNETH COLE,4.7,5000.0,"12,899"
2360,Generic,3.7,4000.0,449
2361,DOUBLERUN,3.6,30000.0,399
2362,Citizen,5.0,1000.0,"31,365"
2363,Fossil,4.4,274000.0,"19,494"
2364,Fastrack,3.7,106000.0,"3,755"
2365,Titan,3.8,82000.0,794
2366,Sonata,4.0,11000.0,"3,095"
2367,MINILUJIA,4.1,493000.0,"2,289"
2368,Titan,3.8,18000.0,"6,786"
2369,OLEVS,4.1,308000.0,"4,950"
2370,jainx,,,344.
2371,Titan,5.0,1000.0,"32,995"
2372,Citizen,3.5,4000.0,"25,564"
2373,Casio,4.8,6000.0,"24,494"
2374,SKMEI,4.0,34000.0,"2,982"
2375,HMXT,3.5,19000.0,599
2376,SWADESI STUFF,,,399
2377,PAGRNE DESIGN,4.4,219000.0,"11,699"
2378,TIMEX,4.3,10000.0,"3,695"
2379,GUESS,,,"10,070"
2380,Tommy Hilfiger,,,"15,130"
2381,Tommy Hilfiger,4.3,3000.0,"9,200"
2382,ULTRON,3.4,28000.0,460
2383,TIMEX,4.6,3000.0,"6,995"
2384,PAPIO,4.0,26000.0,445
2385,Casio,4.4,124000.0,"3,995"
2386,Titan,3.8,3000.0,"18,894"
2387,NORTH EDGE,4.1,36000.0,"3,965"
2388,Titan,3.7,28000.0,"11,826"
2389,Generic,,,299
2390,Generic,,,299
2391,Scarter,,,499
2392,adidas,,,"13,195"
2393,SELLORIA,3.8,270000.0,176
2394,SWISSTYLE,3.6,497000.0,203
2395,Maserati,5.0,11000.0,"25,128."
2396,Titan,4.0,172000.0,"4,483"
2397,Alba,5.0,1000.0,"9,450"
2398,Sonata,5.0,1000.0,"2,096"
2399,TIMEX,4.3,3000.0,"13,013"
